Name,ID,Base fee,Cleaning fee,latitude,longitude,Property type,Noches 05,Noches 06,Noches 07,26/5/2025,27/5/2025,28/5/2025,29/5/2025,30/5/2025,31/5/2025,1/6/2025,2/6/2025,3/6/2025,4/6/2025,5/6/2025,6/6/2025,7/6/2025,8/6/2025,9/6/2025,10/6/2025,11/6/2025,12/6/2025,13/6/2025,14/6/2025,15/6/2025,16/6/2025,17/6/2025,18/6/2025,19/6/2025,20/6/2025,21/6/2025,22/6/2025,23/6/2025,24/6/2025,25/6/2025,26/6/2025,27/6/2025,28/6/2025,29/6/2025,30/6/2025,1/7/2025,2/7/2025,3/7/2025,4/7/2025,5/7/2025,6/7/2025,7/7/2025,8/7/2025,9/7/2025,10/7/2025,11/7/2025,12/7/2025,13/7/2025,14/7/2025,15/7/2025,16/7/2025,17/7/2025,18/7/2025,19/7/2025,20/7/2025,21/7/2025,22/7/2025,23/7/2025,24/7/2025,25/7/2025,26/7/2025,27/7/2025,28/7/2025,29/7/2025,30/7/2025,31/7/2025,max_nan_gap
14th Floor/Jacuzzi balcony/SeaViews/Parking/King,1282890977555839180,$95.00,$38.00,10.4564,-75.50541,Entire serviced apartment,3,19,18,113.17,117.5,117.5,140.33,141.67,147.0,145.17,137.17,132.67,134.33,138.17,141.67,139.83,138.17,129.0,129.0,129.0,129.0,139.83,141.67,139.67,139.67,139.67,144.0,148.33,149.5,149.5,146.5,146.5,142.0,146.33,150.67,150.67,155.5,155.5,152.5,147.0,145.17,137.17,132.67,134.33,138.17,141.67,139.83,138.17,129.0,129.0,129.0,129.0,139.83,141.67,139.67,139.67,139.67,144.0,148.33,149.5,149.5,146.5,146.5,142.0,146.33,150.67,150.67,155.5,155.5,152.5,11
2 BR Modern APT jacuzzi / Rooftop near to beach,1255908021842197930,$100.00,$35.00,10.4565488836489,-75.5052650347352,Entire rental unit,10,31,30,114.5,114.5,114.5,115.5,117.0,115.5,112.5,111.0,111.0,111.0,114.0,117.0,114.0,111.0,111.0,111.0,111.0,111.0,113.67,113.5,114.17,112.0,111.0,111.0,114.0,114.0,116.83,117.0,117.0,117.0,116.17,117.17,121.0,112.5,117.0,117.0,115.5,112.5,111.0,111.0,111.0,114.0,117.0,114.0,111.0,111.0,111.0,111.0,111.0,113.67,113.5,114.17,112.0,111.0,111.0,114.0,114.0,116.83,117.0,117.0,117.0,116.17,117.17,121.0,112.5,117.0,117.0,4
Piso 12/ Jacuzzi/ Vistas/ 1BR/Parqueadero/Piscinas,1364376551860961934,$67.00,$36.00,10.456523474307852,-75.50536058843136,Entire serviced apartment,20,24,31,111.0,111.0,111.0,96.83,100.17,87.5,87.5,87.5,100.67,100.67,100.67,102.67,98.5,98.5,98.5,100.5,104.5,109.0,111.0,105.5,100.0,98.0,98.0,105.33,106.33,107.33,107.33,108.0,108.0,110.5,111.0,111.0,112.0,111.5,107.0,105.0,87.5,87.5,87.5,100.67,100.67,100.67,102.67,98.5,98.5,98.5,100.5,104.5,109.0,111.0,105.5,100.0,98.0,98.0,105.33,106.33,107.33,107.33,108.0,108.0,110.5,111.0,111.0,112.0,111.5,107.0,105.0,5
Piso 14/ Jacuzzi/ Vistas/ 2BR/Parqueadero/Piscinas,1279218191310817247,$89.00,$36.00,10.4563981,-75.50540629999999,Entire serviced apartment,4,21,31,117.5,117.5,117.5,117.5,117.5,117.5,118.0,117.5,117.5,117.5,118.5,119.5,118.5,117.5,117.5,117.5,117.5,116.0,117.67,118.33,112.5,113.5,115.5,117.5,117.5,117.5,117.5,117.5,117.5,117.5,117.5,117.5,117.5,117.5,117.5,121.5,117.5,118.0,117.5,117.5,117.5,118.5,119.5,118.5,117.5,117.5,117.5,117.5,116.0,117.67,118.33,112.5,113.5,115.5,117.5,117.5,117.5,117.5,117.5,117.5,117.5,117.5,117.5,117.5,117.5,117.5,121.5,14
Luxury /Jacuzzi/ Decoration/ Caribbean/ Pools/,1259780256818112667,$81.00,$36.00,10.4563981,-75.50540629999999,Entire serviced apartment,16,14,20,112.0,112.0,112.0,112.0,112.0,112.0,114.5,114.5,112.0,112.0,113.5,115.5,114.5,112.0,112.0,112.0,112.0,112.0,112.0,112.0,112.0,112.0,112.0,,,,,,,112.0,112.0,112.0,112.0,112.0,112.0,112.0,112.0,114.5,114.5,112.0,112.0,113.5,115.5,114.5,112.0,112.0,112.0,112.0,112.0,112.0,112.0,112.0,112.0,112.0,,,,,,,,,,,,,,20
14th Floor/Hot water Jacuzzi/ Views/ Parking,1316158964673335895,$102.00,$36.00,10.4563981,-75.50540629999999,Entire serviced apartment,10,16,31,90.5,90.5,90.5,97.17,99.0,132.17,131.83,120.5,109.5,111.83,112.5,113.67,112.0,111.83,111.83,111.83,106.5,111.5,117.0,117.0,117.0,111.5,106.5,108.5,108.5,114.67,114.33,112.67,111.5,111.5,111.5,111.5,118.33,117.17,115.5,115.5,132.17,131.83,120.5,109.5,111.83,112.5,113.67,112.0,111.83,111.83,111.83,106.5,111.5,117.0,117.0,117.0,111.5,106.5,108.5,108.5,114.67,114.33,112.67,111.5,111.5,111.5,111.5,118.33,117.17,115.5,115.5,13
Apartamento VIP Cartagena con jacuzzi privado,725951699224906993,$125.00,$31.00,10.45619,-75.5064,Entire serviced apartment,4,21,26,160.0,160.0,129.83,118.67,124.83,133.5,141.83,125.83,125.83,142.33,147.17,150.67,148.83,146.17,145.33,160.0,160.0,160.0,161.5,165.83,136.33,136.33,136.33,136.33,136.33,135.17,158.0,160.0,160.0,160.0,160.0,168.5,177.0,168.5,160.0,160.0,133.5,141.83,125.83,125.83,142.33,147.17,150.67,148.83,146.17,145.33,160.0,160.0,160.0,161.5,165.83,136.33,136.33,136.33,136.33,136.33,135.17,158.0,160.0,160.0,160.0,160.0,168.5,177.0,168.5,160.0,160.0,13
"13th floor, apartment with Jacuzzi",1254303583045546955,$87.00,$19.00,10.4568198,-75.5055963,Entire serviced apartment,10,26,31,126.5,126.5,126.5,126.5,126.5,152.5,178.5,178.5,178.5,181.0,184.0,184.0,184.0,181.0,178.5,178.5,181.0,184.0,184.0,184.0,181.0,178.5,178.5,178.5,166.0,167.83,167.83,178.5,178.5,178.5,181.0,184.0,184.0,184.0,184.0,181.0,152.5,178.5,178.5,178.5,181.0,184.0,184.0,184.0,181.0,178.5,178.5,181.0,184.0,184.0,184.0,181.0,178.5,178.5,178.5,166.0,167.83,167.83,178.5,178.5,178.5,181.0,184.0,184.0,184.0,184.0,181.0,3
Piso 8 con Jacuzzi Privado y Vistas Increíbles,1315344706047362032,$77.00,$44.00,10.455888833698983,-75.50577084202456,Entire serviced apartment,8,30,31,103.5,103.5,103.5,104.5,109.5,110.5,109.5,107.5,106.5,106.5,106.5,113.5,115.5,109.5,107.5,107.5,109.5,115.5,121.0,120.5,116.5,112.0,112.0,112.0,112.0,115.5,115.17,115.0,111.67,109.17,108.0,108.0,107.5,106.17,112.33,115.0,110.5,109.5,107.5,106.5,106.5,106.5,113.5,115.5,109.5,107.5,107.5,109.5,115.5,121.0,120.5,116.5,112.0,112.0,112.0,112.0,115.5,115.17,115.0,111.67,109.17,108.0,108.0,107.5,106.17,112.33,115.0,10
Relax y Confort | Apartamento con Jacuzzi Privado,1338690952348756006,$81.00,$46.00,10.4563981,-75.50540629999999,Entire rental unit,17,30,18,113.5,113.5,113.5,113.5,113.5,129.17,132.67,129.67,123.0,123.0,123.0,123.0,123.0,123.0,123.0,123.0,123.5,129.5,135.0,135.0,135.0,135.0,135.0,135.0,135.0,135.0,135.0,135.0,135.0,135.0,135.0,135.0,135.0,136.0,137.5,137.5,129.17,132.67,129.67,123.0,123.0,123.0,123.0,123.0,123.0,123.0,123.0,123.5,129.5,135.0,135.0,135.0,135.0,135.0,135.0,135.0,135.0,135.0,135.0,135.0,135.0,135.0,135.0,135.0,136.0,137.5,137.5,3
09Jacuzzi&Beachfront Bliss 14th Floor Near Airport,986342579444462399,$108.00,$41.00,10.4566932,-75.50548789999999,Entire serviced apartment,16,21,31,116.5,116.5,116.5,116.5,116.5,118.0,120.0,120.0,120.0,120.0,120.0,120.0,120.0,120.0,120.0,120.0,120.0,114.83,119.33,120.0,120.0,120.0,120.0,120.0,120.0,120.0,120.5,118.67,118.67,118.67,120.0,120.0,120.0,120.0,120.0,115.5,118.0,120.0,120.0,120.0,120.0,120.0,120.0,120.0,120.0,120.0,120.0,120.0,114.83,119.33,120.0,120.0,120.0,120.0,120.0,120.0,120.0,120.5,118.67,118.67,118.67,120.0,120.0,120.0,120.0,120.0,115.5,4
Luxury Apartment with a Private Jacuzzi -DMQ507,994392265836559354,$76.00,$35.00,10.45687,-75.5041,Entire rental unit,6,30,31,79.83,77.5,77.5,50.0,50.0,50.0,77.5,77.5,78.0,78.0,81.83,84.83,85.83,83.17,82.0,82.0,82.0,82.0,84.0,85.67,86.0,86.33,85.17,86.67,78.5,78.5,78.5,78.5,78.5,77.0,77.0,93.83,98.83,75.5,75.5,75.5,50.0,77.5,77.5,78.0,78.0,81.83,84.83,85.83,83.17,82.0,82.0,82.0,82.0,84.0,85.67,86.0,86.33,85.17,86.67,78.5,78.5,78.5,78.5,78.5,77.0,77.0,93.83,98.83,75.5,75.5,75.5,14
Luxury and Relaxation Apartment with Jacuzzi,1170314793845437727,$95.00,$46.00,10.45657822767178,-75.50569988787174,Entire serviced apartment,20,30,27,102.0,102.0,109.17,140.33,142.5,133.33,131.0,119.67,108.67,108.67,108.67,113.33,110.5,110.5,110.5,110.5,110.5,110.5,110.5,110.5,110.67,110.5,110.5,110.5,110.5,110.5,110.5,110.5,110.83,110.83,106.0,106.0,100.83,110.5,110.5,110.5,133.33,131.0,119.67,108.67,108.67,108.67,113.33,110.5,110.5,110.5,110.5,110.5,110.5,110.5,110.5,110.67,110.5,110.5,110.5,110.5,110.5,110.5,110.5,110.83,110.83,106.0,106.0,100.83,110.5,110.5,110.5,10
Private jacuzzi | Colonial experience |Walled city,1144449787453177593,$147.00,$46.00,10.45688,-75.5049,Entire serviced apartment,19,30,31,146.33,186.0,186.0,186.0,186.0,186.0,186.0,186.0,186.0,186.0,186.0,186.0,186.0,186.0,186.0,186.0,186.0,186.0,186.0,186.0,186.0,186.0,186.0,186.0,186.0,186.0,186.0,186.0,186.0,186.0,186.0,186.0,186.0,192.33,189.5,188.5,186.0,186.0,186.0,186.0,186.0,186.0,186.0,186.0,186.0,186.0,186.0,186.0,186.0,186.0,186.0,186.0,186.0,186.0,186.0,186.0,186.0,186.0,186.0,186.0,186.0,186.0,186.0,186.0,192.33,189.5,188.5,3
Apartamento a 5 minutos del centro histórico,50637762,$76.46,$4.85,10.43053,-75.52993,Entire serviced apartment,12,15,0,81.5,81.5,72.17,82.67,87.0,87.0,90.0,87.0,84.5,84.5,84.5,87.0,90.0,87.0,84.5,84.5,84.5,84.5,87.0,90.0,87.0,84.5,84.5,84.5,84.5,87.0,90.0,90.0,90.0,91.5,90.5,93.83,98.83,100.67,97.0,90.0,87.0,90.0,87.0,84.5,84.5,84.5,87.0,90.0,87.0,84.5,84.5,84.5,84.5,87.0,90.0,87.0,84.5,84.5,84.5,84.5,87.0,90.0,90.0,90.0,91.5,90.5,93.83,98.83,100.67,97.0,90.0,6
Galicia Cartagena de Indias,1370475063168875041,$121.00,$0.00,10.455495327774884,-75.5062636382768,Entire rental unit,18,30,31,152.5,152.5,152.5,152.5,152.5,120.33,124.67,152.5,152.5,152.5,152.5,152.5,152.5,152.5,152.5,152.5,152.5,152.5,152.5,188.5,224.5,224.5,224.5,224.5,224.5,224.5,224.5,224.5,224.5,224.5,224.5,224.5,224.5,224.5,224.5,224.5,120.33,124.67,152.5,152.5,152.5,152.5,152.5,152.5,152.5,152.5,152.5,152.5,152.5,152.5,188.5,224.5,224.5,224.5,224.5,224.5,224.5,224.5,224.5,224.5,224.5,224.5,224.5,224.5,224.5,224.5,224.5,2
Luxury Loft private jacuzzy & sea view,1279264133273765767,$126.00,$40.00,10.435247029154628,-75.53772378712893,Entire loft,14,30,31,104.0,104.0,93.5,93.5,93.5,109.5,109.17,108.5,108.17,108.17,101.0,101.0,101.0,101.0,101.0,101.0,101.0,107.33,109.17,109.0,101.0,101.0,101.0,102.0,102.0,93.5,93.5,93.5,93.5,93.5,93.5,93.5,59.0,112.0,129.0,129.0,109.5,109.17,108.5,108.17,108.17,101.0,101.0,101.0,101.0,101.0,101.0,101.0,107.33,109.17,109.0,101.0,101.0,101.0,102.0,102.0,93.5,93.5,93.5,93.5,93.5,93.5,93.5,59.0,112.0,129.0,129.0,5
Dominique 1008,1315898353576844455,$56.68,$45.00,10.45674,-75.50571,Entire rental unit,3,29,31,72.5,86.5,86.5,130.0,130.0,110.5,110.5,110.5,110.5,110.5,110.5,110.5,110.5,,,81.0,81.0,81.0,81.0,81.0,81.0,81.0,81.0,86.5,97.5,97.5,149.0,149.0,133.0,92.0,95.0,101.5,101.5,146.0,146.0,124.0,110.5,110.5,110.5,110.5,110.5,110.5,110.5,110.5,,,81.0,81.0,81.0,81.0,81.0,81.0,81.0,81.0,86.5,97.5,97.5,149.0,149.0,133.0,92.0,95.0,101.5,101.5,146.0,146.0,124.0,16
Hermoso apartamento en Cartagena Apt 508,1038158992459515932,$62.00,$30.00,10.45678,-75.50619,Entire rental unit,19,30,31,100.0,95.5,95.5,95.5,95.5,100.0,96.67,95.0,95.0,95.5,95.5,97.5,99.67,99.67,97.83,97.83,97.83,99.67,104.5,100.0,95.5,95.5,95.5,95.5,100.0,104.5,100.0,95.5,95.5,95.5,95.5,100.0,100.0,101.83,110.5,110.5,100.0,96.67,95.0,95.0,95.5,95.5,97.5,99.67,99.67,97.83,97.83,97.83,99.67,104.5,100.0,95.5,95.5,95.5,95.5,100.0,104.5,100.0,95.5,95.5,95.5,95.5,100.0,100.0,101.83,110.5,110.5,12
408 - Hermoso Apartamento en Cartagena,1060659586771911271,$65.00,$32.00,10.45762,-75.50438,Entire rental unit,11,30,31,92.67,88.5,88.5,96.17,91.83,91.83,91.83,91.83,91.83,91.83,91.83,95.83,100.0,100.0,98.0,98.0,98.0,100.0,100.0,100.0,100.0,100.0,100.0,99.5,99.5,101.0,99.5,98.0,98.0,98.0,98.0,100.0,100.0,98.0,98.0,97.0,91.83,91.83,91.83,91.83,91.83,91.83,95.83,100.0,100.0,98.0,98.0,98.0,100.0,100.0,100.0,100.0,100.0,100.0,99.5,99.5,101.0,99.5,98.0,98.0,98.0,98.0,100.0,100.0,98.0,98.0,97.0,11
Jacuzzi with Oceanview Bliss - 11th Floor Getaway,995879788500033068,$82.12,$36.32,10.456751653465355,-75.50563517957926,Entire serviced apartment,5,15,24,104.83,104.83,104.83,104.0,104.0,110.0,111.33,110.83,110.83,110.83,111.83,112.83,111.83,110.83,110.83,110.83,109.0,110.67,113.0,106.5,106.5,104.0,104.0,104.0,104.0,116.5,129.5,129.5,116.5,104.0,104.0,105.0,105.0,105.0,117.5,116.5,110.0,111.33,110.83,110.83,110.83,111.83,112.83,111.83,110.83,110.83,110.83,109.0,110.67,113.0,106.5,106.5,104.0,104.0,104.0,104.0,116.5,129.5,129.5,116.5,104.0,104.0,105.0,105.0,105.0,117.5,116.5,14
1BR Modern APT w/Rooftop Pool near to beach,1082092672297397383,$72.00,$39.00,10.45843,-75.50582,Entire rental unit,17,30,31,90.5,90.5,90.5,97.5,105.0,105.0,101.0,96.0,96.0,97.5,97.5,97.5,97.5,97.5,97.5,97.5,97.5,97.5,97.5,97.5,97.5,97.5,97.5,97.5,103.5,109.5,109.5,103.5,97.5,97.5,97.5,97.5,103.5,109.5,109.5,109.0,105.0,101.0,96.0,96.0,97.5,97.5,97.5,97.5,97.5,97.5,97.5,97.5,97.5,97.5,97.5,97.5,97.5,97.5,97.5,103.5,109.5,109.5,103.5,97.5,97.5,97.5,97.5,103.5,109.5,109.5,109.0,0
DM406-Apartamento con jacuzzi -Camina a Playa Azul,1117493870268287084,$90.00,$19.00,10.4563882,-75.5054112,Entire rental unit,17,23,31,98.67,96.83,97.33,93.5,93.5,131.83,131.83,120.5,109.5,113.5,115.5,115.5,113.5,113.5,113.5,113.5,113.5,111.17,113.17,113.5,113.5,113.5,113.5,113.5,113.5,115.5,114.33,112.67,115.5,115.5,117.0,120.0,125.5,123.5,119.0,119.0,131.83,131.83,120.5,109.5,113.5,115.5,115.5,113.5,113.5,113.5,113.5,113.5,111.17,113.17,113.5,113.5,113.5,113.5,113.5,113.5,115.5,114.33,112.67,115.5,115.5,117.0,120.0,125.5,123.5,119.0,119.0,4
New & Comfortable Apartment In Cielo Mar,1331317275345198410,$75.00,$20.00,10.4563981,-75.50540629999999,Entire rental unit,17,30,31,77.5,77.5,77.5,79.5,86.0,91.0,86.0,81.0,81.0,81.0,83.0,87.0,87.0,83.0,81.0,81.0,81.0,83.0,85.0,85.0,85.0,87.0,85.83,87.33,101.5,101.5,111.0,106.0,96.5,92.0,88.5,96.5,106.0,106.5,99.5,92.0,91.0,86.0,81.0,81.0,81.0,83.0,87.0,87.0,83.0,81.0,81.0,81.0,83.0,85.0,85.0,85.0,87.0,85.83,87.33,101.5,101.5,111.0,106.0,96.5,92.0,88.5,96.5,106.0,106.5,99.5,92.0,3
New & Luxury Apartment 2 BR In Cielo Mar,1345885220314300035,$85.00,$20.00,10.4563981,-75.50540629999999,Entire rental unit,18,30,31,77.83,74.5,72.17,76.83,80.5,80.5,78.5,78.0,78.0,78.0,81.5,87.0,85.5,82.0,82.0,82.0,82.0,82.0,84.5,85.0,87.5,89.5,86.0,90.5,94.5,100.5,107.5,100.5,91.5,87.0,84.0,91.5,100.0,100.5,94.0,87.5,80.5,78.5,78.0,78.0,78.0,81.5,87.0,85.5,82.0,82.0,82.0,82.0,82.0,84.5,85.0,87.5,89.5,86.0,90.5,94.5,100.5,107.5,100.5,91.5,87.0,84.0,91.5,100.0,100.5,94.0,87.5,4
Espectacular Apto con Jacuzzi,1252955190460839164,$85.00,$29.00,10.4563981,-75.50540629999999,Entire rental unit,12,25,31,109.5,109.5,109.5,106.0,108.17,109.5,109.5,109.5,109.5,109.5,109.5,109.5,109.5,109.5,109.5,109.5,109.5,109.5,109.5,109.5,113.67,111.5,111.17,111.33,113.83,115.5,115.17,115.0,111.67,109.17,105.5,105.5,100.33,109.5,109.5,109.5,109.5,109.5,109.5,109.5,109.5,109.5,109.5,109.5,109.5,109.5,109.5,109.5,109.5,109.5,109.5,113.67,111.5,111.17,111.33,113.83,115.5,115.17,115.0,111.67,109.17,105.5,105.5,100.33,109.5,109.5,109.5,13
Exclusivo apartamento para descanso Cartagena,807287853103474314,$61.00,$12.00,10.456600306723448,-75.50526570528746,Entire rental unit,3,21,31,77.83,64.5,64.5,64.5,84.5,80.5,80.5,79.5,79.5,79.5,79.5,80.5,82.0,80.5,79.5,79.5,79.5,79.5,80.5,82.0,83.5,85.0,85.0,85.0,85.0,89.0,94.0,89.0,85.0,85.0,85.0,85.0,89.0,94.0,92.0,91.0,80.5,80.5,79.5,79.5,79.5,79.5,80.5,82.0,80.5,79.5,79.5,79.5,79.5,80.5,82.0,83.5,85.0,85.0,85.0,85.0,89.0,94.0,89.0,85.0,85.0,85.0,85.0,89.0,94.0,92.0,91.0,1
Apartamento con jacuzzi privado en Cielo Mar,1003680480548024835,$71.00,$35.00,10.4557,-75.5062,Entire rental unit,16,30,31,112.0,112.0,112.0,112.0,116.5,118.0,122.0,125.17,125.17,125.17,125.83,125.83,120.5,119.0,112.0,112.0,112.0,113.5,122.0,129.0,137.0,137.0,210.0,210.0,210.0,210.0,210.0,210.0,210.0,210.0,212.33,211.67,211.67,177.83,177.83,165.0,118.0,122.0,125.17,125.17,125.17,125.83,125.83,120.5,119.0,112.0,112.0,112.0,113.5,122.0,129.0,137.0,137.0,210.0,210.0,210.0,210.0,210.0,210.0,210.0,210.0,212.33,211.67,211.67,177.83,177.83,165.0,6
Cartagena 2 Bedroom Apartment with Jacuzzi,1101521186410665163,$98.00,$17.00,10.45647,-75.50566,Entire rental unit,10,15,31,120.5,120.5,118.5,123.5,128.67,125.5,126.17,126.17,126.17,126.17,126.17,126.17,126.17,129.5,129.5,129.5,129.5,125.0,125.0,122.5,122.5,122.5,122.5,122.5,122.5,122.5,128.0,128.0,126.5,126.5,129.5,129.5,122.5,122.5,105.0,105.0,125.5,126.17,126.17,126.17,126.17,126.17,126.17,126.17,129.5,129.5,129.5,129.5,125.0,125.0,122.5,122.5,122.5,122.5,122.5,122.5,122.5,128.0,128.0,126.5,126.5,129.5,129.5,122.5,122.5,105.0,105.0,11
"Moderno,Cerca a la playa, Jacuzzi privado.",1126871837482680826,$99.00,$50.00,10.456388311395331,-75.50541121512651,Entire condo,15,30,31,131.0,131.0,131.0,135.0,139.0,139.0,138.0,136.5,136.5,137.0,148.5,159.0,153.5,148.5,148.5,148.5,148.5,148.5,153.5,159.0,159.0,159.0,159.0,159.0,159.0,159.0,159.0,159.0,159.0,156.0,152.5,152.5,152.5,152.5,152.5,152.5,139.0,138.0,136.5,136.5,137.0,148.5,159.0,153.5,148.5,148.5,148.5,148.5,148.5,153.5,159.0,159.0,159.0,159.0,159.0,159.0,159.0,159.0,159.0,159.0,156.0,152.5,152.5,152.5,152.5,152.5,152.5,0
"Impresionante vista, mar, dominique 2suites",911113843317991706,$86.00,$22.00,10.45687,-75.50647,Entire serviced apartment,4,17,26,106.0,106.0,117.5,122.5,127.67,129.5,140.0,134.0,127.5,127.5,127.5,127.5,127.5,127.5,127.5,127.5,127.5,127.5,127.5,130.5,132.5,132.5,132.5,132.5,132.5,132.5,132.5,132.5,132.5,132.5,132.5,132.5,132.5,132.5,132.5,134.0,129.5,140.0,134.0,127.5,127.5,127.5,127.5,127.5,127.5,127.5,127.5,127.5,127.5,127.5,130.5,132.5,132.5,132.5,132.5,132.5,132.5,132.5,132.5,132.5,132.5,132.5,132.5,132.5,132.5,132.5,134.0,5
"Asombrosa Vista, mar y Jacuzzi floor 10th",878352430199000952,$101.00,$27.00,10.4563882,-75.5054112,Entire condo,1,17,31,128.5,132.0,132.0,134.0,135.67,135.67,130.0,132.0,132.0,127.0,131.83,135.67,133.83,142.5,136.17,145.83,145.83,145.83,143.83,148.17,153.0,153.0,153.0,153.0,153.0,155.17,155.17,155.17,160.0,160.0,160.0,160.0,160.0,160.0,160.0,160.0,135.67,130.0,132.0,132.0,127.0,131.83,135.67,133.83,142.5,136.17,145.83,145.83,145.83,143.83,148.17,153.0,153.0,153.0,153.0,153.0,155.17,155.17,155.17,160.0,160.0,160.0,160.0,160.0,160.0,160.0,160.0,11
"Apartment in Cartagena,Private Jacuzzi & Oceanview",1216205629459955503,$93.00,$35.00,10.4563981,-75.50540629999999,Entire rental unit,19,30,31,121.67,125.5,149.0,172.5,172.5,172.5,157.5,143.0,143.0,143.0,143.0,143.0,143.0,143.0,131.0,131.0,131.0,131.0,131.0,131.0,131.0,131.0,131.0,144.0,157.0,157.0,157.0,144.0,131.0,131.0,144.0,157.0,157.0,157.0,144.0,123.0,172.5,157.5,143.0,143.0,143.0,143.0,143.0,143.0,143.0,131.0,131.0,131.0,131.0,131.0,131.0,131.0,131.0,131.0,144.0,157.0,157.0,157.0,144.0,131.0,131.0,144.0,157.0,157.0,157.0,144.0,123.0,1
Lujoso apartamento con jacuzzi - Dominique,1152493881820384873,$77.00,$40.00,10.45712,-75.50599,Entire rental unit,17,25,31,100.0,100.0,100.0,100.0,105.5,111.5,108.67,108.5,108.5,108.5,108.5,108.5,105.5,100.0,100.0,100.0,100.0,105.5,111.5,108.5,105.5,105.5,105.5,105.5,108.5,111.5,111.5,111.5,111.5,111.5,111.5,114.5,117.5,117.5,117.5,117.5,111.5,108.67,108.5,108.5,108.5,108.5,108.5,105.5,100.0,100.0,100.0,100.0,105.5,111.5,108.5,105.5,105.5,105.5,105.5,108.5,111.5,111.5,111.5,111.5,111.5,111.5,114.5,117.5,117.5,117.5,117.5,6
Apartamento Moderno con Jacuzzi Privado D504,1317428120714655677,$99.00,$0.00,10.4563981,-75.50540629999999,Entire rental unit,15,30,31,60.5,70.5,80.5,80.5,80.5,147.0,145.17,158.5,158.5,158.5,158.5,158.5,158.5,158.5,158.5,158.5,158.5,158.5,158.5,158.5,158.5,158.5,158.5,158.5,158.5,158.5,158.5,158.5,158.5,158.5,158.5,158.5,158.5,137.0,115.5,151.0,147.0,145.17,158.5,158.5,158.5,158.5,158.5,158.5,158.5,158.5,158.5,158.5,158.5,158.5,158.5,158.5,158.5,158.5,158.5,158.5,158.5,158.5,158.5,158.5,158.5,158.5,158.5,158.5,137.0,115.5,151.0,2
"Dominque 1005, private jacuzzi",823224593312108874,$81.00,$36.00,10.45672,-75.50566,Entire rental unit,5,27,27,101.17,98.0,98.0,98.0,98.0,105.0,112.0,112.0,112.0,112.0,112.0,112.0,112.0,112.0,112.0,112.0,112.0,112.0,112.5,112.5,112.0,112.0,112.0,112.5,117.0,122.0,122.5,117.5,112.5,112.0,114.0,114.0,107.5,114.5,114.67,114.67,105.0,112.0,112.0,112.0,112.0,112.0,112.0,112.0,112.0,112.0,112.0,112.0,112.0,112.5,112.5,112.0,112.0,112.0,112.5,117.0,122.0,122.5,117.5,112.5,112.0,114.0,114.0,107.5,114.5,114.67,114.67,4
"Luxurious Apartment, Private Jacuzzi & Sea View",802873898143599598,$87.00,$35.00,10.467637343962542,-75.4992805345078,Entire rental unit,9,26,26,96.5,96.5,106.67,127.0,127.0,180.0,174.0,142.0,110.0,110.0,110.0,111.33,110.0,110.0,110.0,110.0,110.0,110.0,110.0,110.0,110.0,110.0,110.0,110.0,110.0,107.33,110.0,110.0,110.0,110.0,134.83,135.83,135.67,136.67,135.17,135.17,180.0,174.0,142.0,110.0,110.0,110.0,111.33,110.0,110.0,110.0,110.0,110.0,110.0,110.0,110.0,110.0,110.0,110.0,110.0,110.0,107.33,110.0,110.0,110.0,110.0,134.83,135.83,135.67,136.67,135.17,135.17,6
Luxurious Apartment - Private Jacuzzi & Top View,985588880340118836,$131.00,$40.00,10.45678231692273,-75.50552487373352,Entire rental unit,20,30,31,129.0,129.0,129.0,107.33,101.5,108.33,108.83,107.0,107.0,107.0,107.0,107.0,107.0,107.0,107.0,107.0,107.0,107.0,107.0,107.0,107.0,107.0,107.0,107.0,107.0,107.0,107.0,107.0,107.0,107.0,107.0,107.0,107.0,107.0,107.0,107.0,108.33,108.83,107.0,107.0,107.0,107.0,107.0,107.0,107.0,107.0,107.0,107.0,107.0,107.0,107.0,107.0,107.0,107.0,107.0,107.0,107.0,107.0,107.0,107.0,107.0,107.0,107.0,107.0,107.0,107.0,107.0,4
Luxury 1BR in Brickell | Ocean View Free Parking,846281101302571252,$77.00,$46.00,10.4566932,-75.50548789999999,Entire serviced apartment,19,9,29,91.0,93.0,94.5,94.5,94.5,97.5,100.5,97.5,94.5,94.5,97.5,106.0,112.0,112.0,106.33,106.0,106.83,112.0,112.0,112.0,112.0,108.5,106.83,107.5,107.5,106.17,106.67,103.0,103.0,103.0,103.0,107.5,112.0,112.0,107.5,120.5,97.5,100.5,97.5,94.5,94.5,97.5,106.0,112.0,112.0,106.33,106.0,106.83,112.0,112.0,112.0,112.0,108.5,106.83,107.5,107.5,106.17,106.67,103.0,103.0,103.0,103.0,107.5,112.0,112.0,107.5,120.5,6
Apartment in Cartagena: Relax like Home,1073830324762676707,$93.60,$45.00,10.4372,-75.51628,Entire rental unit,0,29,31,106.5,106.5,106.5,121.5,137.0,137.0,137.0,137.0,137.0,137.0,137.0,137.0,137.0,137.0,126.0,126.0,126.0,126.0,126.0,126.0,126.0,126.0,126.0,126.0,126.0,126.0,126.0,126.0,126.0,126.0,126.0,126.0,126.0,126.0,126.0,126.0,137.0,137.0,137.0,137.0,137.0,137.0,137.0,137.0,137.0,126.0,126.0,126.0,126.0,126.0,126.0,126.0,126.0,126.0,126.0,126.0,126.0,126.0,126.0,126.0,126.0,126.0,126.0,126.0,126.0,126.0,126.0,0
Stylish Apartment Steps to Beach - 1108,1291369680799235048,$73.00,$29.00,10.456398202475274,-75.50540618598461,Entire rental unit,20,30,31,104.0,104.0,104.0,104.0,104.0,104.5,104.5,104.0,104.0,104.0,104.0,104.0,104.0,105.0,105.0,104.0,104.0,104.0,104.0,104.0,105.0,105.0,104.0,104.0,104.0,104.5,106.0,105.0,104.0,104.0,104.0,104.0,104.0,104.5,104.5,104.0,104.5,104.5,104.0,104.0,104.0,104.0,104.0,104.0,105.0,105.0,104.0,104.0,104.0,104.0,104.0,105.0,105.0,104.0,104.0,104.0,104.5,106.0,105.0,104.0,104.0,104.0,104.0,104.0,104.5,104.5,104.0,0
Stylish Apartment Steps to Beach - 1208,1291386342035446932,$73.00,$29.00,10.4563981,-75.50540629999999,Entire rental unit,20,30,31,104.0,104.0,104.0,104.0,104.0,95.0,95.0,95.0,95.0,95.0,95.0,95.0,95.0,95.0,95.0,95.0,95.0,95.0,95.0,95.0,95.0,95.0,95.0,95.0,95.0,95.0,95.0,95.0,95.0,95.0,95.0,95.0,95.0,95.0,95.0,95.0,95.0,95.0,95.0,95.0,95.0,95.0,95.0,95.0,95.0,95.0,95.0,95.0,95.0,95.0,95.0,95.0,95.0,95.0,95.0,95.0,95.0,95.0,95.0,95.0,95.0,95.0,95.0,95.0,95.0,95.0,95.0,0
Stylish Apartment Steps to Beach - 1002,1291348254945757857,$87.38,$29.13,10.4563981,-75.50540629999999,Entire rental unit,16,30,31,132.5,132.5,132.5,132.5,132.5,121.5,121.5,121.5,121.5,121.5,121.5,121.5,121.5,121.5,121.5,121.5,121.5,121.5,121.5,121.5,121.5,121.5,121.5,121.5,121.5,121.5,121.5,121.5,121.5,121.5,121.5,121.5,121.5,121.5,121.5,121.5,121.5,121.5,121.5,121.5,121.5,121.5,121.5,121.5,121.5,121.5,121.5,121.5,121.5,121.5,121.5,121.5,121.5,121.5,121.5,121.5,121.5,121.5,121.5,121.5,121.5,121.5,121.5,121.5,121.5,121.5,121.5,0
New Luxury + Private Jacuzzi + Nesspresso + Views,1305119491130976920,$91.00,$38.00,10.4563981,-75.50540629999999,Entire condo,1,23,26,101.0,101.0,101.0,101.0,101.0,101.0,101.0,101.0,101.0,,,,,,,,,,,108.0,108.0,108.0,108.0,108.0,108.0,108.0,108.0,108.0,108.0,108.0,108.0,108.0,124.0,124.0,124.0,124.0,124.0,124.0,124.0,124.0,124.0,124.0,124.0,,,,,,,,108.0,108.0,108.0,108.0,108.0,108.0,108.0,108.0,108.0,108.0,108.0,108.0,108.0,124.0,124.0,124.0,124.0,24
Ingenian Rental Marvelous View DQ 1206,1284922899449149869,$101.00,$38.00,10.456323874410549,-75.50507370608214,Entire rental unit,13,30,31,96.5,96.5,148.5,201.0,201.0,201.0,124.67,120.5,109.83,109.83,109.83,103.0,114.5,114.5,114.5,105.5,105.5,105.5,105.5,105.5,105.5,105.5,105.5,105.5,105.5,105.5,105.5,105.5,105.5,105.5,105.5,105.5,105.5,105.5,105.5,111.0,201.0,124.67,120.5,109.83,109.83,109.83,103.0,114.5,114.5,114.5,105.5,105.5,105.5,105.5,105.5,105.5,105.5,105.5,105.5,105.5,105.5,105.5,105.5,105.5,105.5,105.5,105.5,105.5,105.5,105.5,111.0,6
Tropical Luxury Condo Private Jacuzzi WIFI DQ1201,852725916509464739,$93.00,$40.00,10.45694,-75.50424,Entire condo,12,30,31,109.0,109.0,109.0,109.0,109.0,109.0,109.0,109.0,109.0,109.0,109.0,109.0,109.0,109.0,113.0,113.0,103.0,103.0,103.0,103.0,103.0,103.0,103.0,103.0,103.0,,,149.5,149.5,149.5,149.5,149.5,149.5,149.5,149.5,149.5,109.0,109.0,109.0,109.0,109.0,109.0,109.0,109.0,109.0,113.0,113.0,103.0,103.0,103.0,103.0,103.0,103.0,103.0,103.0,103.0,,,149.5,149.5,149.5,149.5,149.5,149.5,149.5,149.5,149.5,16
Apartamento jacuzzi privado cerca a playa DQ604,1300846874190721949,$98.00,$41.00,10.45755,-75.50565,Entire rental unit,18,21,31,98.5,98.5,98.5,98.5,98.5,107.0,124.5,134.0,134.0,134.0,134.0,134.0,134.0,134.0,134.0,134.0,134.0,134.0,134.0,134.0,134.0,132.67,132.67,132.67,132.67,200.0,200.0,206.5,213.0,213.0,213.0,213.0,213.0,213.0,213.0,213.0,107.0,124.5,134.0,134.0,134.0,134.0,134.0,134.0,134.0,134.0,134.0,134.0,134.0,134.0,134.0,134.0,132.67,132.67,132.67,132.67,200.0,200.0,206.5,213.0,213.0,213.0,213.0,213.0,213.0,213.0,213.0,4
Luxury Brand New Apartment Dominique DQ605,1178368806182581245,$71.00,$42.00,10.4563981,-75.50540629999999,Entire serviced apartment,20,30,31,92.67,87.5,89.17,96.17,91.0,91.0,91.0,91.0,91.0,91.0,91.0,97.0,103.5,103.5,103.5,103.5,103.5,103.5,103.5,103.5,103.5,103.5,103.5,103.5,103.5,103.5,103.5,103.5,103.5,103.5,103.5,103.5,103.5,103.5,103.5,103.5,91.0,91.0,91.0,91.0,91.0,91.0,97.0,103.5,103.5,103.5,103.5,103.5,103.5,103.5,103.5,103.5,103.5,103.5,103.5,103.5,103.5,103.5,103.5,103.5,103.5,103.5,103.5,103.5,103.5,103.5,103.5,4
OceanView 2BD with private Jacuzzi DQ706,1354503288606231731,$97.00,$41.00,10.4563981,-75.50540629999999,Entire rental unit,17,21,28,103.5,103.5,103.5,111.0,111.0,126.67,132.0,132.0,123.0,123.0,123.0,127.5,132.0,122.0,122.0,122.0,122.0,122.0,128.0,134.0,134.0,128.0,122.0,122.0,122.0,151.5,181.0,181.0,181.0,197.0,213.0,213.0,213.0,213.0,213.0,213.0,126.67,132.0,132.0,123.0,123.0,123.0,127.5,132.0,122.0,122.0,122.0,122.0,122.0,128.0,134.0,134.0,128.0,122.0,122.0,122.0,151.5,181.0,181.0,181.0,197.0,213.0,213.0,213.0,213.0,213.0,213.0,8
Luxury Condo Balcony Private Jacuzzi DQ1202,839283791724610443,$122.00,$40.00,10.456450534828534,-75.50539134047547,Entire rental unit,5,30,31,90.5,90.5,94.0,98.0,98.0,98.0,98.0,98.0,98.0,98.0,98.0,98.0,98.0,98.0,98.0,98.0,98.0,98.0,98.0,98.0,98.0,98.0,98.0,98.0,98.0,98.0,98.0,98.0,98.0,98.0,98.0,98.0,98.0,98.0,98.0,110.5,98.0,98.0,98.0,98.0,98.0,98.0,98.0,98.0,98.0,98.0,98.0,98.0,98.0,98.0,98.0,98.0,98.0,98.0,98.0,98.0,98.0,98.0,98.0,98.0,98.0,98.0,98.0,98.0,98.0,98.0,110.5,0
Luxury New Condo with Jacuzzi DQ1104,852322227051781578,$93.00,$40.00,10.456355119286576,-75.50520078360624,Entire condo,20,30,31,115.0,115.0,116.5,119.67,121.33,126.0,134.0,134.0,134.0,134.0,134.0,134.0,134.0,134.0,134.0,134.0,134.0,134.0,134.0,134.0,134.0,134.0,134.0,134.0,134.0,167.0,200.0,206.5,213.0,213.0,213.0,211.0,211.0,211.0,211.0,211.0,126.0,134.0,134.0,134.0,134.0,134.0,134.0,134.0,134.0,134.0,134.0,134.0,134.0,134.0,134.0,134.0,134.0,134.0,134.0,134.0,167.0,200.0,206.5,213.0,213.0,213.0,211.0,211.0,211.0,211.0,211.0,5
Exclusive Condo Private Jacuzzi Dominique 1408,852836475894493606,$98.00,$40.00,10.456397781505288,-75.50526259444275,Entire condo,10,30,28,87.33,92.67,86.0,97.5,109.5,111.0,101.0,89.5,89.5,89.5,101.0,112.5,112.5,112.5,112.5,112.5,112.5,112.5,112.5,112.5,112.5,112.5,112.5,112.5,112.5,112.5,112.5,112.5,105.5,98.5,98.5,98.5,98.5,98.5,98.5,98.5,111.0,101.0,89.5,89.5,89.5,101.0,112.5,112.5,112.5,112.5,112.5,112.5,112.5,112.5,112.5,112.5,112.5,112.5,112.5,112.5,112.5,112.5,112.5,105.5,98.5,98.5,98.5,98.5,98.5,98.5,98.5,2
Luxury apartment with jacuzzi Dominique DQ809,852998646126710254,$73.00,$40.00,10.456403056838012,-75.50527332327881,Entire condo,17,30,31,80.0,88.0,95.5,102.5,109.5,111.0,112.5,112.5,112.5,112.5,112.5,112.5,112.5,112.5,112.5,112.5,112.5,112.5,112.5,112.5,112.5,112.5,112.5,112.5,112.5,112.5,112.5,112.5,105.5,98.5,98.5,98.5,98.5,98.5,98.5,98.5,111.0,112.5,112.5,112.5,112.5,112.5,112.5,112.5,112.5,112.5,112.5,112.5,112.5,112.5,112.5,112.5,112.5,112.5,112.5,112.5,112.5,112.5,112.5,105.5,98.5,98.5,98.5,98.5,98.5,98.5,98.5,1
Luxury Condo Near to the beach DQ510,928953902518668812,$85.00,$44.00,10.45636137249982,-75.50513729227049,Entire condo,14,30,31,97.0,97.0,97.0,103.67,105.33,107.67,110.0,106.0,106.0,106.0,109.0,109.0,109.0,109.0,110.33,110.33,107.0,105.0,105.17,106.0,106.0,106.0,106.0,106.0,106.0,106.0,101.5,97.0,97.0,97.0,127.83,127.83,113.5,131.17,176.0,176.0,107.67,110.0,106.0,106.0,106.0,109.0,109.0,109.0,109.0,110.33,110.33,107.0,105.0,105.17,106.0,106.0,106.0,106.0,106.0,106.0,106.0,101.5,97.0,97.0,97.0,127.83,127.83,113.5,131.17,176.0,176.0,9
Luxury Coastal Tranquility Dominique DQ610,853430725018525635,$103.00,$41.00,10.456403056838012,-75.50524650118867,Entire condo,20,30,31,106.5,106.5,109.5,116.0,116.0,124.0,132.0,132.0,132.0,132.0,132.0,132.0,132.0,132.0,132.0,132.0,132.0,132.0,132.67,132.0,132.0,132.0,132.0,132.0,132.0,165.0,198.0,204.5,211.0,211.0,211.0,211.0,211.0,211.0,211.0,211.0,124.0,132.0,132.0,132.0,132.0,132.0,132.0,132.0,132.0,132.0,132.0,132.0,132.0,132.67,132.0,132.0,132.0,132.0,132.0,132.0,165.0,198.0,204.5,211.0,211.0,211.0,211.0,211.0,211.0,211.0,211.0,3
Luxury Condo Private Jacuzzi Dominique DQ911,865741394178687754,$71.00,$41.00,10.456345028173072,-75.50524492513479,Entire condo,20,30,31,80.0,88.0,95.5,102.5,109.5,111.0,112.5,112.5,112.5,112.5,112.5,112.5,112.5,112.5,112.5,112.5,112.5,112.5,112.5,112.5,112.5,112.5,112.5,112.5,112.5,112.5,112.5,112.5,105.5,98.5,98.5,98.5,98.5,98.5,98.5,98.5,111.0,112.5,112.5,112.5,112.5,112.5,112.5,112.5,112.5,112.5,112.5,112.5,112.5,112.5,112.5,112.5,112.5,112.5,112.5,112.5,112.5,112.5,112.5,105.5,98.5,98.5,98.5,98.5,98.5,98.5,98.5,1
Luxury Apartment with Private Jacuzzi DQ410,1065446126459762366,$85.00,$41.00,10.456367098667547,-75.50556140370485,Entire rental unit,18,30,31,118.67,119.0,98.33,100.0,109.0,109.0,109.0,109.0,109.0,109.0,109.0,109.0,109.0,109.0,109.0,124.67,121.33,123.0,105.17,105.17,97.0,97.0,97.0,97.0,97.0,97.0,107.33,123.67,122.0,121.83,122.5,125.33,137.33,152.17,149.5,149.5,109.0,109.0,109.0,109.0,109.0,109.0,109.0,109.0,109.0,109.0,124.67,121.33,123.0,105.17,105.17,97.0,97.0,97.0,97.0,97.0,97.0,107.33,123.67,122.0,121.83,122.5,125.33,137.33,152.17,149.5,149.5,8
Luxury apartment Private Jacuzzi Dominique 1407,865494322261178427,$76.00,$41.00,10.45699,-75.50488,Entire rental unit,20,30,31,81.0,81.0,81.0,86.5,86.5,111.0,112.5,112.5,112.5,112.5,112.5,112.5,112.5,112.5,112.5,112.5,112.5,112.5,112.5,112.5,112.5,112.5,112.5,112.5,112.5,112.5,112.5,112.5,105.5,98.5,98.5,98.5,98.5,98.5,98.5,98.5,111.0,112.5,112.5,112.5,112.5,112.5,112.5,112.5,112.5,112.5,112.5,112.5,112.5,112.5,112.5,112.5,112.5,112.5,112.5,112.5,112.5,112.5,112.5,105.5,98.5,98.5,98.5,98.5,98.5,98.5,98.5,2
Luxurious 2 BR w stun view ideal 4 Families DQ1109,852722227526718255,$110.00,$41.00,10.456429433500304,-75.50525723002472,Entire condo,0,30,31,95.0,89.83,91.0,99.83,102.33,111.0,103.0,93.0,93.0,93.0,93.0,93.0,93.0,93.0,93.0,93.0,93.0,93.0,93.0,93.0,93.0,93.0,93.0,93.0,103.0,112.5,112.5,112.5,105.5,98.5,98.5,98.5,98.5,98.5,98.5,98.5,111.0,103.0,93.0,93.0,93.0,93.0,93.0,93.0,93.0,93.0,93.0,93.0,93.0,93.0,93.0,93.0,93.0,93.0,93.0,103.0,112.5,112.5,112.5,105.5,98.5,98.5,98.5,98.5,98.5,98.5,98.5,5
"Luxury, Private Jacuzzi Close to the beach DQ804",852423984035352397,$83.00,$40.00,10.456413607503196,-75.50531623862305,Entire condo,20,27,31,99.0,99.0,103.5,108.5,109.0,109.0,109.0,109.0,109.0,109.0,109.0,109.0,109.0,109.0,113.0,113.0,103.0,97.0,97.0,97.0,97.0,97.0,97.0,97.0,97.0,97.0,107.33,102.67,101.0,100.83,127.83,127.83,117.5,135.17,149.5,149.5,109.0,109.0,109.0,109.0,109.0,109.0,109.0,109.0,109.0,113.0,113.0,103.0,97.0,97.0,97.0,97.0,97.0,97.0,97.0,97.0,97.0,107.33,102.67,101.0,100.83,127.83,127.83,117.5,135.17,149.5,149.5,8
Luxury & Cozy With Jacuzzi DQ1006,852707152905312617,$93.00,$40.00,10.45644525949661,-75.5052357723526,Entire rental unit,20,27,31,132.0,132.0,132.0,132.0,132.0,132.0,132.67,132.67,132.67,132.67,132.67,132.67,132.67,132.67,132.67,132.0,132.0,132.0,132.0,132.0,132.0,132.0,132.0,132.0,132.0,165.0,198.0,204.5,211.0,211.0,211.0,211.0,211.0,211.0,211.0,211.0,132.0,132.67,132.67,132.67,132.67,132.67,132.67,132.67,132.67,132.67,132.0,132.0,132.0,132.0,132.0,132.0,132.0,132.0,132.0,132.0,165.0,198.0,204.5,211.0,211.0,211.0,211.0,211.0,211.0,211.0,211.0,9
Tropical Luxury Condo Private Jacuzzi DQ1302,852764754959774056,$93.00,$42.00,10.456418882835653,-75.50526259444275,Entire condo,20,30,31,106.5,106.5,111.0,116.0,116.0,124.0,132.0,132.0,132.0,132.0,132.0,132.0,132.0,132.0,132.0,132.0,132.0,132.0,132.0,132.0,132.0,132.0,132.0,132.0,132.0,165.0,198.0,204.5,204.5,211.67,211.0,211.0,211.0,211.0,211.0,211.0,124.0,132.0,132.0,132.0,132.0,132.0,132.0,132.0,132.0,132.0,132.0,132.0,132.0,132.0,132.0,132.0,132.0,132.0,132.0,132.0,165.0,198.0,204.5,204.5,211.67,211.0,211.0,211.0,211.0,211.0,211.0,7
Luxury Apartment DQ 908 | Rooftop Pool Stunning Vw,865501138503964861,$78.00,$40.00,10.45611,-75.50469,Entire serviced apartment,20,30,31,83.5,83.5,85.0,86.5,86.5,86.5,86.5,86.5,86.5,86.5,86.5,92.5,98.5,98.5,98.5,98.5,98.5,98.5,98.5,98.5,98.5,98.5,98.5,98.5,98.5,98.5,98.5,98.5,98.5,98.5,98.5,98.5,98.5,98.5,98.5,98.5,86.5,86.5,86.5,86.5,86.5,86.5,92.5,98.5,98.5,98.5,98.5,98.5,98.5,98.5,98.5,98.5,98.5,98.5,98.5,98.5,98.5,98.5,98.5,98.5,98.5,98.5,98.5,98.5,98.5,98.5,98.5,0
Luxury Place Private Jacuzzi Dominique DQ1309,865484469517762048,$71.00,$40.00,10.45558,-75.50469,Entire condo,20,30,31,80.0,88.0,95.5,102.5,109.5,111.0,112.5,112.5,112.5,112.5,112.5,112.5,112.5,112.5,112.5,112.5,112.5,112.5,112.5,112.5,112.5,112.5,112.5,112.5,112.5,112.5,112.5,112.5,105.5,98.5,98.5,98.5,98.5,98.5,98.5,98.5,111.0,112.5,112.5,112.5,112.5,112.5,112.5,112.5,112.5,112.5,112.5,112.5,112.5,112.5,112.5,112.5,112.5,112.5,112.5,112.5,112.5,112.5,112.5,105.5,98.5,98.5,98.5,98.5,98.5,98.5,98.5,2
Luxury Condo Private Jacuzzi Dominique DQ805,852989152866665235,$115.00,$41.00,10.456387230839557,-75.50524650118867,Entire condo,9,4,8,112.5,112.5,112.5,112.5,112.5,112.5,112.5,112.5,112.5,112.5,112.5,,,,112.5,112.5,112.5,112.5,112.5,112.5,112.5,112.5,112.5,112.5,112.5,112.5,112.5,112.5,105.5,98.5,98.5,98.5,98.5,98.5,98.5,98.5,98.5,98.5,98.5,98.5,98.5,98.5,98.5,,,112.5,112.5,112.5,112.5,112.5,112.5,112.5,112.5,112.5,112.5,112.5,112.5,112.5,112.5,105.5,98.5,98.5,98.5,98.5,98.5,98.5,98.5,17
Luxury Condo with Private Jacuzzi DQ802,852958133808719190,$105.00,$40.00,10.456400798007836,-75.50524573072137,Entire condo,16,28,31,106.5,106.5,111.0,111.0,121.33,132.0,132.0,132.0,132.0,132.0,132.0,132.67,132.0,132.0,132.0,132.67,132.67,132.0,132.0,132.0,132.67,132.0,132.0,132.0,132.0,165.0,198.0,204.5,211.0,211.0,211.0,211.0,211.0,211.0,211.0,211.0,132.0,132.0,132.0,132.0,132.0,132.0,132.67,132.0,132.0,132.0,132.67,132.67,132.0,132.0,132.0,132.67,132.0,132.0,132.0,132.0,165.0,198.0,204.5,211.0,211.0,211.0,211.0,211.0,211.0,211.0,211.0,2
Luxury Lovely Condo Dominique By Stay Q DQ1303,958267722202025656,$77.00,$44.00,10.45633380743915,-75.50510549908205,Entire condo,20,30,31,97.0,97.0,101.33,104.33,109.17,132.67,130.67,119.0,108.33,106.0,106.0,106.0,106.0,106.0,106.0,106.0,106.0,106.0,106.0,106.0,106.0,106.0,106.0,106.0,106.0,106.0,106.0,113.83,113.83,106.33,176.0,176.0,176.0,176.0,176.0,176.0,132.67,130.67,119.0,108.33,106.0,106.0,106.0,106.0,106.0,106.0,106.0,106.0,106.0,106.0,106.0,106.0,106.0,106.0,106.0,106.0,106.0,106.0,113.83,113.83,106.33,176.0,176.0,176.0,176.0,176.0,176.0,7
Luxury Condo Private Jacuzzi Pools & Views DQ1402,878789244081373209,$105.00,$40.00,10.456416733658637,-75.50515976222948,Entire condo,10,20,31,93.5,93.5,97.5,101.5,101.5,103.5,111.5,111.0,112.33,113.83,105.83,110.67,115.17,105.0,118.5,132.0,132.0,132.0,132.0,132.0,131.0,124.5,124.5,125.5,132.0,132.0,132.0,167.67,168.17,173.33,179.33,179.33,211.0,211.0,211.0,211.0,103.5,111.5,111.0,112.33,113.83,105.83,110.67,115.17,105.0,118.5,132.0,132.0,132.0,132.0,132.0,131.0,124.5,124.5,125.5,132.0,132.0,132.0,167.67,168.17,173.33,179.33,179.33,211.0,211.0,211.0,211.0,7
Luxury Charming Private Jacuzzi Dominique DQ511,852846097719499069,$104.00,$41.00,10.456424158168025,-75.50526259444275,Entire condo,20,30,31,80.0,88.0,95.5,102.5,109.5,111.0,112.5,112.5,112.5,112.5,112.5,112.5,112.5,112.5,112.5,112.5,112.5,112.5,112.5,112.5,112.5,112.5,112.5,112.5,112.5,112.5,112.5,112.5,105.5,98.5,98.5,98.5,98.5,98.5,98.5,98.5,111.0,112.5,112.5,112.5,112.5,112.5,112.5,112.5,112.5,112.5,112.5,112.5,112.5,112.5,112.5,112.5,112.5,112.5,112.5,112.5,112.5,112.5,112.5,105.5,98.5,98.5,98.5,98.5,98.5,98.5,98.5,0
Apartment with private jacuzzi Dominique DQ710,852947489018010555,$109.00,$41.00,10.456408332170648,-75.50525723002472,Entire condo,10,19,31,106.5,106.5,106.5,114.33,114.33,132.0,132.0,132.0,132.0,132.0,132.0,132.67,132.0,132.0,132.0,132.0,132.0,132.0,132.67,132.0,132.0,132.0,132.0,132.0,132.0,165.0,198.0,204.5,208.83,211.67,211.0,211.0,211.0,211.0,211.0,211.0,132.0,132.0,132.0,132.0,132.0,132.0,132.67,132.0,132.0,132.0,132.0,132.0,132.0,132.67,132.0,132.0,132.0,132.0,132.0,132.0,165.0,198.0,204.5,208.83,211.67,211.0,211.0,211.0,211.0,211.0,211.0,7
Premium 3 BRs w HotTub perfor Families,865417719613815681,$190.00,$40.00,10.456366129507026,-75.50524113677064,Entire condo,20,30,31,115.0,115.0,118.0,114.33,121.33,148.5,148.5,148.5,148.5,148.5,148.5,148.5,132.67,148.5,148.5,148.5,148.5,148.5,148.5,148.5,148.5,148.5,148.5,148.5,139.0,149.0,194.0,219.0,219.0,237.0,254.5,254.5,254.5,254.5,254.5,254.5,148.5,148.5,148.5,148.5,148.5,148.5,148.5,132.67,148.5,148.5,148.5,148.5,148.5,148.5,148.5,148.5,148.5,148.5,148.5,139.0,149.0,194.0,219.0,219.0,237.0,254.5,254.5,254.5,254.5,254.5,254.5,5
Fantastic Condo Private Jacuzzi Dominique DQ1307,865433093370851067,$71.00,$41.00,10.45637668017347,-75.50523040793458,Entire condo,17,30,31,80.0,88.0,95.5,102.5,109.5,111.0,112.5,112.5,112.5,112.5,112.5,112.5,112.5,112.5,112.5,112.5,112.5,112.5,112.5,112.5,112.5,112.5,112.5,112.5,112.5,112.5,112.5,112.5,105.5,98.5,98.5,98.5,98.5,98.5,98.5,98.5,111.0,112.5,112.5,112.5,112.5,112.5,112.5,112.5,112.5,112.5,112.5,112.5,112.5,112.5,112.5,112.5,112.5,112.5,112.5,112.5,112.5,112.5,112.5,105.5,98.5,98.5,98.5,98.5,98.5,98.5,98.5,3
Luxury Experience Private Jacuzzi Dominique DQ909,865505131391284959,$71.00,$41.00,10.456334477505548,-75.50520358584443,Entire condo,20,28,31,80.0,88.0,95.5,102.5,109.5,111.0,112.5,112.5,112.5,112.5,112.5,112.5,112.5,112.5,112.5,112.5,112.5,112.5,112.5,112.5,112.5,112.5,112.5,112.5,112.5,112.5,112.5,112.5,105.5,98.5,98.5,98.5,98.5,98.5,98.5,98.5,111.0,112.5,112.5,112.5,112.5,112.5,112.5,112.5,112.5,112.5,112.5,112.5,112.5,112.5,112.5,112.5,112.5,112.5,112.5,112.5,112.5,112.5,112.5,105.5,98.5,98.5,98.5,98.5,98.5,98.5,98.5,0
"Luxury Condo Private jacuzzi, Chic Dominique 402",929051174009268462,$116.00,$40.00,10.456378324361886,-75.50522610194187,Entire rental unit,0,27,31,93.5,93.5,93.5,119.67,119.67,129.33,132.0,132.0,105.0,105.0,105.0,118.5,132.0,132.0,132.0,132.0,132.0,132.0,132.0,132.0,132.0,132.0,132.0,132.0,132.0,165.0,198.0,204.5,211.0,211.0,211.0,211.0,211.0,211.0,211.0,211.0,129.33,132.0,132.0,105.0,105.0,105.0,118.5,132.0,132.0,132.0,132.0,132.0,132.0,132.0,132.0,132.0,132.0,132.0,132.0,132.0,165.0,198.0,204.5,211.0,211.0,211.0,211.0,211.0,211.0,211.0,211.0,5
Confortable Apartment / Private Jacuzzi DQ 411,1229800644222284211,$91.00,$40.00,10.4568198,-75.5055963,Entire rental unit,17,30,31,80.0,88.0,95.5,95.5,109.5,111.0,112.5,112.5,112.5,112.5,112.5,112.5,112.5,112.5,112.5,112.5,112.5,112.5,112.5,112.5,112.5,112.5,112.5,112.5,112.5,112.5,112.5,112.5,105.5,98.5,98.5,98.5,98.5,98.5,98.5,98.5,111.0,112.5,112.5,112.5,112.5,112.5,112.5,112.5,112.5,112.5,112.5,112.5,112.5,112.5,112.5,112.5,112.5,112.5,112.5,112.5,112.5,112.5,112.5,105.5,98.5,98.5,98.5,98.5,98.5,98.5,98.5,3
Luxury Condo & private jacuzzi Dominique DQ810,865497675793371668,$93.00,$41.00,10.45635557884023,-75.5052357723526,Entire condo,20,30,31,100.0,100.0,94.0,94.5,101.5,101.5,101.5,101.5,101.5,101.5,101.5,101.5,101.5,,,,,,,,,,,,,,,211.0,211.0,211.0,211.0,211.0,211.0,211.0,211.0,211.0,101.5,101.5,101.5,101.5,101.5,101.5,101.5,101.5,,,,,,,,,,,,,,,211.0,211.0,211.0,211.0,211.0,211.0,211.0,211.0,211.0,28
Luxury apartment private jacuzzi Dominique DQ1305,852769563272239362,$76.00,$40.00,10.456434708832496,-75.505305509787,Entire condo,19,30,31,112.5,112.5,112.5,112.5,112.5,112.5,112.5,112.5,112.5,112.5,112.5,112.5,112.5,,,,,,,112.5,112.5,112.5,112.5,112.5,112.5,112.5,112.5,112.5,105.5,98.5,98.5,98.5,98.5,98.5,98.5,98.5,112.5,112.5,112.5,112.5,112.5,112.5,112.5,112.5,,,,,,,112.5,112.5,112.5,112.5,112.5,112.5,112.5,112.5,112.5,105.5,98.5,98.5,98.5,98.5,98.5,98.5,98.5,20
DQ505 Nuevo hermoso jacuzzi priv,856430871775844191,$68.00,$39.00,10.45762,-75.5046,Entire rental unit,19,30,31,79.0,79.0,79.0,79.0,79.0,84.0,84.0,84.0,84.0,84.0,84.0,84.0,84.0,,,,,,,,,102.5,102.5,102.5,102.5,102.5,102.5,102.5,102.5,102.5,102.5,105.0,107.5,107.5,105.0,102.5,84.0,84.0,84.0,84.0,84.0,84.0,84.0,84.0,,,,,,,,,102.5,102.5,102.5,102.5,102.5,102.5,102.5,102.5,102.5,102.5,105.0,107.5,107.5,105.0,102.5,22
DQ1411 Nvo Amazing view Relaxation,890771974735264612,$88.00,$39.00,10.45615,-75.50486,Entire rental unit,16,30,31,74.5,74.5,74.5,76.83,86.5,91.67,91.0,84.5,84.5,84.5,87.0,89.5,89.5,87.0,87.0,87.0,87.0,87.0,87.0,87.0,87.0,87.0,87.0,87.0,87.0,87.0,87.0,87.0,102.5,102.5,102.5,105.0,107.5,107.5,105.0,102.5,91.67,91.0,84.5,84.5,84.5,87.0,89.5,89.5,87.0,87.0,87.0,87.0,87.0,87.0,87.0,87.0,87.0,87.0,87.0,87.0,87.0,87.0,87.0,102.5,102.5,102.5,105.0,107.5,107.5,105.0,102.5,4
DQ1102 Beautiful Apt Jacuzzi-priv 10min-Centro,897405006229683800,$96.00,$38.00,10.45563,-75.50519,Entire rental unit,16,18,31,95.0,95.0,96.5,100.0,103.5,111.0,116.0,113.0,113.0,113.0,116.0,119.0,119.0,116.0,113.0,113.0,113.0,116.0,119.0,119.0,116.0,113.0,113.0,115.5,129.0,140.0,140.0,134.5,134.5,113.0,117.0,124.67,128.5,124.33,121.0,129.0,111.0,116.0,113.0,113.0,113.0,116.0,119.0,119.0,116.0,113.0,113.0,113.0,116.0,119.0,119.0,116.0,113.0,113.0,115.5,129.0,140.0,140.0,134.5,134.5,113.0,117.0,124.67,128.5,124.33,121.0,129.0,6
DQ1301 Espectacular jacuzzi único vista relax,943495681388968810,$100.00,$38.00,10.45648218681818,-75.5054879,Entire rental unit,16,25,28,98.0,98.0,108.83,110.0,111.17,121.0,121.0,118.0,118.0,118.0,121.0,124.0,124.0,121.0,118.0,118.0,118.0,121.0,124.0,124.0,121.0,118.0,118.0,118.0,129.0,129.0,135.83,134.0,134.0,129.67,129.17,140.0,140.0,140.0,134.5,129.0,121.0,121.0,118.0,118.0,118.0,121.0,124.0,124.0,121.0,118.0,118.0,118.0,121.0,124.0,124.0,121.0,118.0,118.0,118.0,129.0,129.0,135.83,134.0,134.0,129.67,129.17,140.0,140.0,140.0,134.5,129.0,5
Luxury Cartagena dominique 1210,982475106451734664,$108.00,$36.00,10.4563882,-75.5054112,Entire rental unit,17,25,17,119.17,117.0,111.0,122.5,131.5,133.0,130.5,131.5,137.5,141.0,143.5,146.0,146.0,191.0,191.0,190.0,190.0,216.5,216.5,182.5,168.33,168.33,168.33,168.33,165.17,179.5,256.0,256.0,242.0,242.0,230.0,230.0,250.5,250.5,242.5,242.5,133.0,130.5,131.5,137.5,141.0,143.5,146.0,146.0,191.0,191.0,190.0,190.0,216.5,216.5,182.5,168.33,168.33,168.33,168.33,165.17,179.5,256.0,256.0,242.0,242.0,230.0,230.0,250.5,250.5,242.5,242.5,7
Luxury Cartagena dominique 1209,982475113924685879,$96.00,$36.41,10.4563882,-75.5054112,Entire rental unit,13,26,31,94.5,87.0,91.0,94.5,95.5,95.5,94.5,94.5,97.5,101.0,104.0,105.0,105.0,136.0,136.0,134.0,134.0,147.0,147.0,154.5,154.5,134.5,134.5,147.0,147.0,165.5,165.5,168.5,168.5,163.5,163.5,169.5,169.5,178.0,178.0,161.5,95.5,94.5,94.5,97.5,101.0,104.0,105.0,105.0,136.0,136.0,134.0,134.0,147.0,147.0,154.5,154.5,134.5,134.5,147.0,147.0,165.5,165.5,168.5,168.5,163.5,163.5,169.5,169.5,178.0,178.0,161.5,0
Luxury cartagena dominique 705,1061083288618779943,$89.32,$36.32,10.45642,-75.50539,Entire rental unit,14,30,31,93.83,77.0,78.5,84.0,91.0,92.0,90.5,89.0,93.0,97.5,100.5,101.5,101.5,129.0,129.0,127.0,127.0,142.0,142.0,149.0,149.0,129.5,129.5,142.0,142.0,142.0,165.17,167.0,168.67,167.0,168.0,170.0,197.17,200.0,200.0,159.17,92.0,90.5,89.0,93.0,97.5,100.5,101.5,101.5,129.0,129.0,127.0,127.0,142.0,142.0,149.0,149.0,129.5,129.5,142.0,142.0,142.0,165.17,167.0,168.67,167.0,168.0,170.0,197.17,200.0,200.0,159.17,10
Luxury Cartagena Dominique 1004,1131261936147332933,$116.42,$36.35,10.4563882,-75.5054112,Entire rental unit,10,30,31,119.17,92.0,100.5,112.0,120.0,121.0,119.0,120.0,125.0,125.0,142.67,143.5,143.5,158.5,171.0,171.0,183.5,183.5,210.5,210.5,162.83,162.83,162.83,162.83,162.83,196.5,232.0,232.0,219.5,219.5,208.5,208.5,227.0,227.0,219.5,219.5,121.0,119.0,120.0,125.0,125.0,142.67,143.5,143.5,158.5,171.0,171.0,183.5,183.5,210.5,210.5,162.83,162.83,162.83,162.83,162.83,196.5,232.0,232.0,219.5,219.5,208.5,208.5,227.0,227.0,219.5,219.5,6
luxury Cartagena Dominique 807,1061118933427624758,$97.00,$36.00,10.4563882,-75.5054112,Entire rental unit,14,30,31,75.0,78.0,85.0,95.0,103.5,104.0,102.5,101.0,105.5,111.0,111.0,112.83,112.83,132.33,132.33,131.0,145.5,145.5,166.5,166.5,152.0,152.0,146.0,146.0,166.5,166.5,178.0,178.0,175.0,175.0,172.0,172.0,186.0,186.0,178.5,178.5,104.0,102.5,101.0,105.5,111.0,111.0,112.83,112.83,132.33,132.33,131.0,145.5,145.5,166.5,166.5,152.0,152.0,146.0,146.0,166.5,166.5,178.0,178.0,175.0,175.0,172.0,172.0,186.0,186.0,178.5,178.5,5
Ocean Breeze Luxury » 2BRs Cartagena | Stun Views,1374717540319611164,$74.00,$37.00,10.456817818304057,-75.50556723254088,Entire rental unit,9,27,31,84.0,84.0,82.67,93.33,90.5,97.0,97.0,87.0,77.0,77.0,86.0,89.67,92.0,92.0,92.0,92.0,92.0,92.0,92.0,92.0,92.0,92.0,90.0,95.0,95.0,91.0,91.0,105.0,105.0,105.0,105.0,105.0,105.0,105.0,105.0,105.0,97.0,97.0,87.0,77.0,77.0,86.0,89.67,92.0,92.0,92.0,92.0,92.0,92.0,92.0,92.0,92.0,92.0,90.0,95.0,95.0,91.0,91.0,105.0,105.0,105.0,105.0,105.0,105.0,105.0,105.0,105.0,3
