Name,ID,Base fee,Cleaning fee,latitude,longitude,Property type,Noches 05,Noches 06,Noches 07,26/5/2025,27/5/2025,28/5/2025,29/5/2025,30/5/2025,31/5/2025,1/6/2025,2/6/2025,3/6/2025,4/6/2025,5/6/2025,6/6/2025,7/6/2025,8/6/2025,9/6/2025,10/6/2025,11/6/2025,12/6/2025,13/6/2025,14/6/2025,15/6/2025,16/6/2025,17/6/2025,18/6/2025,19/6/2025,20/6/2025,21/6/2025,22/6/2025,23/6/2025,24/6/2025,25/6/2025,26/6/2025,27/6/2025,28/6/2025,29/6/2025,30/6/2025,1/7/2025,2/7/2025,3/7/2025,4/7/2025,5/7/2025,6/7/2025,7/7/2025,8/7/2025,9/7/2025,10/7/2025,11/7/2025,12/7/2025,13/7/2025,14/7/2025,15/7/2025,16/7/2025,17/7/2025,18/7/2025,19/7/2025,20/7/2025,21/7/2025,22/7/2025,23/7/2025,24/7/2025,25/7/2025,26/7/2025,27/7/2025,28/7/2025,29/7/2025,30/7/2025,31/7/2025
14th Floor/Jacuzzi balcony/SeaViews/Parking/King,1282890977555839180,95.0,38.0,10.4564,-75.50541,Entire serviced apartment,3,19,18,-1.0,117.5,117.5,-1.0,-1.0,-1.0,-1.0,-1.0,-1.0,-1.0,-1.0,-1.0,-1.0,-1.0,129.0,129.0,129.0,129.0,-1.0,-1.0,-1.0,-1.0,-1.0,-1.0,-1.0,149.5,149.5,146.5,146.5,-1.0,-1.0,-1.0,-1.0,155.5,155.5,152.5,-1.0,-1.0,-1.0,-1.0,-1.0,-1.0,-1.0,-1.0,-1.0,129.0,129.0,129.0,129.0,-1.0,-1.0,-1.0,-1.0,-1.0,-1.0,-1.0,149.5,149.5,146.5,146.5,-1.0,-1.0,-1.0,-1.0,155.5,155.5,152.5
2 BR Modern APT jacuzzi / Rooftop near to beach,1255908021842197930,100.0,35.0,10.4565488836489,-75.5052650347352,Entire rental unit,10,31,30,114.5,114.5,114.5,115.5,117.0,115.5,112.5,111.0,111.0,111.0,114.0,117.0,114.0,111.0,111.0,111.0,111.0,111.0,-1.0,-1.0,-1.0,-1.0,111.0,111.0,114.0,114.0,-1.0,117.0,117.0,117.0,-1.0,-1.0,-1.0,-1.0,117.0,117.0,115.5,112.5,111.0,111.0,111.0,114.0,117.0,114.0,111.0,111.0,111.0,111.0,111.0,-1.0,-1.0,-1.0,-1.0,111.0,111.0,114.0,114.0,-1.0,117.0,117.0,117.0,-1.0,-1.0,-1.0,-1.0,117.0,117.0
Piso 12/ Jacuzzi/ Vistas/ 1BR/Parqueadero/Piscinas,1364376551860961934,67.0,36.0,10.456523474307852,-75.50536058843136,Entire serviced apartment,20,24,31,-1.0,-1.0,-1.0,-1.0,-1.0,87.5,87.5,87.5,-1.0,-1.0,-1.0,-1.0,98.5,98.5,98.5,100.5,104.5,109.0,111.0,105.5,100.0,98.0,98.0,-1.0,-1.0,-1.0,-1.0,108.0,108.0,110.5,111.0,111.0,112.0,111.5,107.0,105.0,87.5,87.5,87.5,-1.0,-1.0,-1.0,-1.0,98.5,98.5,98.5,100.5,104.5,109.0,111.0,105.5,100.0,98.0,98.0,-1.0,-1.0,-1.0,-1.0,108.0,108.0,110.5,111.0,111.0,112.0,111.5,107.0,105.0
Piso 14/ Jacuzzi/ Vistas/ 2BR/Parqueadero/Piscinas,1279218191310817247,89.0,36.0,10.4563981,-75.50540629999999,Entire serviced apartment,4,21,31,117.5,117.5,117.5,117.5,117.5,117.5,-1.0,-1.0,-1.0,-1.0,-1.0,-1.0,-1.0,-1.0,-1.0,-0.5,-1.0,-1.0,-1.0,-1.0,112.5,113.5,115.5,117.5,117.5,117.5,117.5,117.5,117.5,117.5,117.5,117.5,117.5,117.5,117.5,121.5,117.5,-1.0,-1.0,-1.0,-1.0,-1.0,-1.0,-1.0,-1.0,-1.0,-0.5,-1.0,-1.0,-1.0,-1.0,112.5,113.5,115.5,117.5,117.5,117.5,117.5,117.5,117.5,117.5,117.5,117.5,117.5,117.5,117.5,121.5
Luxury /Jacuzzi/ Decoration/ Caribbean/ Pools/,1259780256818112667,81.0,36.0,10.4563981,-75.50540629999999,Entire serviced apartment,16,14,20,-1.0,-1.0,-1.0,-1.0,-1.0,112.0,114.5,114.5,112.0,112.0,113.5,115.5,114.5,112.0,112.0,112.0,-1.0,-1.0,-1.0,-1.0,-1.0,-1.0,-1.0,-1.0,-1.0,-1.0,-1.0,-1.0,-1.0,-1.0,-1.0,-1.0,-1.0,-1.0,-1.0,-1.0,112.0,114.5,114.5,112.0,112.0,113.5,115.5,114.5,112.0,112.0,112.0,-1.0,-1.0,-1.0,-1.0,-1.0,-1.0,-1.0,-1.0,-1.0,-1.0,-1.0,-1.0,-1.0,-1.0,-1.0,-1.0,-1.0,-1.0,-1.0,-1.0
14th Floor/Hot water Jacuzzi/ Views/ Parking,1316158964673335895,102.0,36.0,10.4563981,-75.50540629999999,Entire serviced apartment,10,16,31,90.5,90.5,90.5,-1.0,-1.0,-1.0,-1.0,-1.0,-1.0,-1.0,-1.0,-1.0,-1.0,-1.0,-1.0,-1.0,106.5,111.5,117.0,117.0,117.0,111.5,106.5,108.5,108.5,-1.0,-1.0,-1.0,111.5,111.5,111.5,111.5,-1.0,-1.0,115.5,115.5,-1.0,-1.0,-1.0,-1.0,-1.0,-1.0,-1.0,-1.0,-1.0,-1.0,-1.0,106.5,111.5,117.0,117.0,117.0,111.5,106.5,108.5,108.5,-1.0,-1.0,-1.0,111.5,111.5,111.5,111.5,-1.0,-1.0,115.5,115.5
Apartamento VIP Cartagena con jacuzzi privado,725951699224906993,125.0,31.0,10.45619,-75.5064,Entire serviced apartment,4,21,26,160.0,160.0,-1.0,-1.0,-1.0,-1.0,-1.0,-1.0,-1.0,-1.0,-0.5,-1.0,-1.0,-1.0,-1.0,160.0,160.0,160.0,-1.0,-1.0,-1.0,-1.0,-1.0,-1.0,-1.0,-1.0,-1.0,160.0,160.0,160.0,160.0,168.5,177.0,168.5,160.0,160.0,-1.0,-1.0,-1.0,-1.0,-1.0,-0.5,-1.0,-1.0,-1.0,-1.0,160.0,160.0,160.0,-1.0,-1.0,-1.0,-1.0,-1.0,-1.0,-1.0,-1.0,-1.0,160.0,160.0,160.0,160.0,168.5,177.0,168.5,160.0,160.0
"13th floor, apartment with Jacuzzi",1254303583045546955,87.0,19.0,10.4568198,-75.5055963,Entire serviced apartment,10,26,31,126.5,126.5,126.5,126.5,126.5,152.5,178.5,178.5,178.5,181.0,184.0,184.0,184.0,181.0,178.5,178.5,181.0,184.0,184.0,184.0,181.0,178.5,178.5,178.5,-1.0,-1.0,-1.0,178.5,178.5,178.5,181.0,184.0,184.0,184.0,184.0,181.0,152.5,178.5,178.5,178.5,181.0,184.0,184.0,184.0,181.0,178.5,178.5,181.0,184.0,184.0,184.0,181.0,178.5,178.5,178.5,-1.0,-1.0,-1.0,178.5,178.5,178.5,181.0,184.0,184.0,184.0,184.0,181.0
Piso 8 con Jacuzzi Privado y Vistas Increíbles,1315344706047362032,77.0,44.0,10.455888833698983,-75.50577084202456,Entire serviced apartment,8,30,31,103.5,103.5,103.5,104.5,109.5,110.5,109.5,107.5,106.5,106.5,106.5,113.5,115.5,109.5,107.5,107.5,109.5,115.5,121.0,120.5,116.5,112.0,112.0,112.0,112.0,-1.0,-1.0,-1.0,-1.0,-1.0,-1.0,-1.0,-1.0,-1.0,-1.0,115.0,110.5,109.5,107.5,106.5,106.5,106.5,113.5,115.5,109.5,107.5,107.5,109.5,115.5,121.0,120.5,116.5,112.0,112.0,112.0,112.0,-1.0,-1.0,-1.0,-1.0,-1.0,-1.0,-1.0,-1.0,-1.0,-1.0,115.0
Relax y Confort | Apartamento con Jacuzzi Privado,1338690952348756006,81.0,46.0,10.4563981,-75.50540629999999,Entire rental unit,17,30,18,113.5,113.5,113.5,113.5,113.5,-1.0,-1.0,-1.0,123.0,123.0,123.0,123.0,123.0,123.0,123.0,123.0,123.5,129.5,135.0,135.0,135.0,135.0,135.0,135.0,135.0,135.0,135.0,135.0,135.0,135.0,135.0,135.0,135.0,136.0,137.5,137.5,-1.0,-1.0,-1.0,123.0,123.0,123.0,123.0,123.0,123.0,123.0,123.0,123.5,129.5,135.0,135.0,135.0,135.0,135.0,135.0,135.0,135.0,135.0,135.0,135.0,135.0,135.0,135.0,135.0,136.0,137.5,137.5
09Jacuzzi&Beachfront Bliss 14th Floor Near Airport,986342579444462399,108.0,41.0,10.4566932,-75.50548789999999,Entire serviced apartment,16,21,31,116.5,116.5,116.5,116.5,116.5,118.0,120.0,120.0,120.0,120.0,120.0,120.0,120.0,120.0,120.0,120.0,120.0,-1.0,-1.0,120.0,120.0,120.0,120.0,120.0,120.0,120.0,-1.0,-1.0,-1.0,-1.0,120.0,120.0,120.0,120.0,120.0,115.5,118.0,120.0,120.0,120.0,120.0,120.0,120.0,120.0,120.0,120.0,120.0,120.0,-1.0,-1.0,120.0,120.0,120.0,120.0,120.0,120.0,120.0,-1.0,-1.0,-1.0,-1.0,120.0,120.0,120.0,120.0,120.0,115.5
Luxury Apartment with a Private Jacuzzi -DMQ507,994392265836559354,76.0,35.0,10.45687,-75.5041,Entire rental unit,6,30,31,-1.0,77.5,77.5,50.0,50.0,50.0,77.5,77.5,78.0,78.0,-1.0,-1.0,-1.0,-1.0,-1.0,-1.0,-1.0,-1.0,-1.0,-1.0,-1.0,-1.0,-1.0,-1.0,78.5,78.5,78.5,78.5,78.5,77.0,77.0,-1.0,-1.0,75.5,75.5,75.5,50.0,77.5,77.5,78.0,78.0,-1.0,-1.0,-1.0,-1.0,-1.0,-1.0,-1.0,-1.0,-1.0,-1.0,-1.0,-1.0,-1.0,-1.0,78.5,78.5,78.5,78.5,78.5,77.0,77.0,-1.0,-1.0,75.5,75.5,75.5
Luxury and Relaxation Apartment with Jacuzzi,1170314793845437727,95.0,46.0,10.45657822767178,-75.50569988787174,Entire serviced apartment,20,30,27,102.0,102.0,-1.0,-1.0,-1.0,-1.0,-1.0,-1.0,-1.0,-1.0,-1.0,-1.0,110.5,110.5,110.5,110.5,110.5,110.5,110.5,110.5,-1.0,110.5,110.5,110.5,110.5,110.5,110.5,110.5,-1.0,-1.0,-1.0,-1.0,-1.0,110.5,110.5,110.5,-1.0,-1.0,-1.0,-1.0,-1.0,-1.0,-1.0,110.5,110.5,110.5,110.5,110.5,110.5,110.5,110.5,-1.0,110.5,110.5,110.5,110.5,110.5,110.5,110.5,-1.0,-1.0,-1.0,-1.0,-1.0,110.5,110.5,110.5
Private jacuzzi | Colonial experience |Walled city,1144449787453177593,147.0,46.0,10.45688,-75.5049,Entire serviced apartment,19,30,31,-1.0,186.0,186.0,186.0,186.0,186.0,186.0,186.0,186.0,186.0,186.0,186.0,186.0,186.0,186.0,186.0,186.0,186.0,186.0,186.0,186.0,186.0,186.0,186.0,186.0,186.0,186.0,186.0,186.0,186.0,186.0,186.0,186.0,-1.0,-1.0,-1.0,186.0,186.0,186.0,186.0,186.0,186.0,186.0,186.0,186.0,186.0,186.0,186.0,186.0,186.0,186.0,186.0,186.0,186.0,186.0,186.0,186.0,186.0,186.0,186.0,186.0,186.0,186.0,186.0,-1.0,-1.0,-1.0
Apartamento a 5 minutos del centro histórico,50637762,76.46,4.85,10.43053,-75.52993,Entire serviced apartment,12,15,0,81.5,81.5,-1.0,-1.0,87.0,87.0,90.0,87.0,84.5,84.5,84.5,87.0,90.0,87.0,84.5,84.5,84.5,84.5,87.0,90.0,87.0,84.5,84.5,84.5,84.5,87.0,90.0,90.0,90.0,-1.0,-1.0,-1.0,-1.0,-1.0,-1.0,90.0,87.0,90.0,87.0,84.5,84.5,84.5,87.0,90.0,87.0,84.5,84.5,84.5,84.5,87.0,90.0,87.0,84.5,84.5,84.5,84.5,87.0,90.0,90.0,90.0,-1.0,-1.0,-1.0,-1.0,-1.0,-1.0,90.0
Galicia Cartagena de Indias,1370475063168875041,121.0,0.0,10.455495327774884,-75.5062636382768,Entire rental unit,18,30,31,152.5,152.5,152.5,152.5,152.5,-1.0,-1.0,152.5,152.5,152.5,152.5,152.5,152.5,152.5,152.5,152.5,152.5,152.5,152.5,188.5,224.5,224.5,224.5,224.5,224.5,224.5,224.5,224.5,224.5,224.5,224.5,224.5,224.5,224.5,224.5,224.5,-1.0,-1.0,152.5,152.5,152.5,152.5,152.5,152.5,152.5,152.5,152.5,152.5,152.5,152.5,188.5,224.5,224.5,224.5,224.5,224.5,224.5,224.5,224.5,224.5,224.5,224.5,224.5,224.5,224.5,224.5,224.5
Luxury Loft private jacuzzy & sea view,1279264133273765767,126.0,40.0,10.435247029154628,-75.53772378712893,Entire loft,14,30,31,-1.0,-1.0,93.5,93.5,93.5,-1.0,-1.0,-1.0,-1.0,-1.0,101.0,101.0,101.0,101.0,101.0,101.0,101.0,-1.0,-1.0,-1.0,101.0,101.0,101.0,-1.0,-1.0,93.5,93.5,93.5,93.5,93.5,93.5,93.5,59.0,112.0,129.0,129.0,-1.0,-1.0,-1.0,-1.0,-1.0,101.0,101.0,101.0,101.0,101.0,101.0,101.0,-1.0,-1.0,-1.0,101.0,101.0,101.0,-1.0,-1.0,93.5,93.5,93.5,93.5,93.5,93.5,93.5,59.0,112.0,129.0,129.0
Dominique 1008,1315898353576844455,56.68,45.0,10.45674,-75.50571,Entire rental unit,3,29,31,72.5,86.5,86.5,130.0,130.0,110.5,-1.0,-1.0,-1.0,-1.0,-1.0,-1.0,-1.0,-1.0,-1.0,-1.0,-1.0,-1.0,-1.0,-1.0,-1.0,-1.0,81.0,86.5,97.5,97.5,149.0,149.0,133.0,92.0,95.0,101.5,101.5,146.0,146.0,124.0,110.5,-1.0,-1.0,-1.0,-1.0,-1.0,-1.0,-1.0,-1.0,-1.0,-1.0,-1.0,-1.0,-1.0,-1.0,-1.0,-1.0,81.0,86.5,97.5,97.5,149.0,149.0,133.0,92.0,95.0,101.5,101.5,146.0,146.0,124.0
Hermoso apartamento en Cartagena Apt 508,1038158992459515932,62.0,30.0,10.45678,-75.50619,Entire rental unit,19,30,31,100.0,95.5,95.5,95.5,95.5,100.0,-1.0,-1.0,-1.0,-1.0,-1.0,-1.0,-1.0,-1.0,-1.0,-1.0,-1.0,-1.0,104.5,100.0,95.5,95.5,95.5,95.5,100.0,104.5,100.0,95.5,95.5,95.5,95.5,100.0,100.0,-1.0,110.5,110.5,100.0,-1.0,-1.0,-1.0,-1.0,-1.0,-1.0,-1.0,-1.0,-1.0,-1.0,-1.0,-1.0,104.5,100.0,95.5,95.5,95.5,95.5,100.0,104.5,100.0,95.5,95.5,95.5,95.5,100.0,100.0,-1.0,110.5,110.5
408 - Hermoso Apartamento en Cartagena,1060659586771911271,65.0,32.0,10.45762,-75.50438,Entire rental unit,11,30,31,-1.0,88.5,88.5,-1.0,-1.0,-1.0,-1.0,-1.0,-1.0,-1.0,-1.0,-1.0,-1.0,-1.0,98.0,98.0,98.0,-1.0,-1.0,-1.0,-1.0,-1.0,-1.0,99.5,99.5,101.0,99.5,98.0,98.0,98.0,98.0,-1.0,-1.0,98.0,98.0,97.0,-1.0,-1.0,-1.0,-1.0,-1.0,-1.0,-1.0,-1.0,-1.0,98.0,98.0,98.0,-1.0,-1.0,-1.0,-1.0,-1.0,-1.0,99.5,99.5,101.0,99.5,98.0,98.0,98.0,98.0,-1.0,-1.0,98.0,98.0,97.0
Jacuzzi with Oceanview Bliss - 11th Floor Getaway,995879788500033068,82.12,36.32,10.456751653465355,-75.50563517957926,Entire serviced apartment,5,15,24,-1.0,-1.0,-1.0,104.0,104.0,-1.0,-1.0,-1.0,-1.0,-1.0,-1.0,-1.0,-1.0,-1.0,-1.0,-1.0,-1.0,-1.0,-1.0,106.5,106.5,104.0,104.0,104.0,104.0,116.5,129.5,129.5,116.5,104.0,104.0,105.0,105.0,105.0,117.5,116.5,-1.0,-1.0,-1.0,-1.0,-1.0,-1.0,-1.0,-1.0,-1.0,-1.0,-1.0,-1.0,-1.0,-1.0,106.5,106.5,104.0,104.0,104.0,104.0,116.5,129.5,129.5,116.5,104.0,104.0,105.0,105.0,105.0,117.5,116.5
1BR Modern APT w/Rooftop Pool near to beach,1082092672297397383,72.0,39.0,10.45843,-75.50582,Entire rental unit,17,30,31,90.5,90.5,90.5,97.5,105.0,105.0,101.0,96.0,96.0,97.5,97.5,97.5,97.5,97.5,97.5,97.5,97.5,97.5,97.5,97.5,97.5,97.5,97.5,97.5,103.5,109.5,109.5,103.5,97.5,97.5,97.5,97.5,103.5,109.5,109.5,109.0,105.0,101.0,96.0,96.0,97.5,97.5,97.5,97.5,97.5,97.5,97.5,97.5,97.5,97.5,97.5,97.5,97.5,97.5,97.5,103.5,109.5,109.5,103.5,97.5,97.5,97.5,97.5,103.5,109.5,109.5,109.0
DM406-Apartamento con jacuzzi -Camina a Playa Azul,1117493870268287084,90.0,19.0,10.4563882,-75.5054112,Entire rental unit,17,23,31,-1.0,-1.0,-1.0,93.5,93.5,-1.0,-1.0,-1.0,-1.0,113.5,115.5,115.5,113.5,113.5,113.5,113.5,113.5,-1.0,-1.0,113.5,113.5,113.5,113.5,113.5,113.5,-1.0,-1.0,-1.0,115.5,115.5,117.0,120.0,125.5,123.5,119.0,119.0,-1.0,-1.0,-1.0,-1.0,113.5,115.5,115.5,113.5,113.5,113.5,113.5,113.5,-1.0,-1.0,113.5,113.5,113.5,113.5,113.5,113.5,-1.0,-1.0,-1.0,115.5,115.5,117.0,120.0,125.5,123.5,119.0,119.0
New & Comfortable Apartment In Cielo Mar,1331317275345198410,75.0,20.0,10.4563981,-75.50540629999999,Entire rental unit,17,30,31,77.5,77.5,77.5,79.5,86.0,91.0,86.0,81.0,81.0,81.0,83.0,87.0,87.0,83.0,81.0,81.0,81.0,83.0,85.0,85.0,85.0,-1.0,-1.0,-1.0,101.5,101.5,111.0,106.0,96.5,92.0,88.5,96.5,106.0,106.5,99.5,92.0,91.0,86.0,81.0,81.0,81.0,83.0,87.0,87.0,83.0,81.0,81.0,81.0,83.0,85.0,85.0,85.0,-1.0,-1.0,-1.0,101.5,101.5,111.0,106.0,96.5,92.0,88.5,96.5,106.0,106.5,99.5,92.0
New & Luxury Apartment 2 BR In Cielo Mar,1345885220314300035,85.0,20.0,10.4563981,-75.50540629999999,Entire rental unit,18,30,31,-1.0,-1.0,-1.0,-1.0,80.5,80.5,78.5,78.0,78.0,78.0,81.5,87.0,85.5,82.0,82.0,82.0,82.0,82.0,84.5,85.0,87.5,89.5,86.0,90.5,94.5,100.5,107.5,100.5,91.5,87.0,84.0,91.5,100.0,100.5,94.0,87.5,80.5,78.5,78.0,78.0,78.0,81.5,87.0,85.5,82.0,82.0,82.0,82.0,82.0,84.5,85.0,87.5,89.5,86.0,90.5,94.5,100.5,107.5,100.5,91.5,87.0,84.0,91.5,100.0,100.5,94.0,87.5
Espectacular Apto con Jacuzzi,1252955190460839164,85.0,29.0,10.4563981,-75.50540629999999,Entire rental unit,12,25,31,109.5,109.5,109.5,-1.0,-1.0,109.5,109.5,109.5,109.5,109.5,109.5,109.5,109.5,109.5,109.5,109.5,109.5,109.5,109.5,109.5,-1.0,-1.0,-1.0,-1.0,-1.0,-1.0,-1.0,-1.0,-1.0,-1.0,-1.0,-1.0,-1.0,109.5,109.5,109.5,109.5,109.5,109.5,109.5,109.5,109.5,109.5,109.5,109.5,109.5,109.5,109.5,109.5,109.5,109.5,-1.0,-1.0,-1.0,-1.0,-1.0,-1.0,-1.0,-1.0,-1.0,-1.0,-1.0,-1.0,-1.0,109.5,109.5,109.5
Exclusivo apartamento para descanso Cartagena,807287853103474314,61.0,12.0,10.456600306723448,-75.50526570528746,Entire rental unit,3,21,31,-1.0,64.5,64.5,64.5,-1.0,80.5,80.5,79.5,79.5,79.5,79.5,80.5,82.0,80.5,79.5,79.5,79.5,79.5,80.5,82.0,83.5,85.0,85.0,85.0,85.0,89.0,94.0,89.0,85.0,85.0,85.0,85.0,89.0,94.0,92.0,91.0,80.5,80.5,79.5,79.5,79.5,79.5,80.5,82.0,80.5,79.5,79.5,79.5,79.5,80.5,82.0,83.5,85.0,85.0,85.0,85.0,89.0,94.0,89.0,85.0,85.0,85.0,85.0,89.0,94.0,92.0,91.0
Apartamento con jacuzzi privado en Cielo Mar,1003680480548024835,71.0,35.0,10.4557,-75.5062,Entire rental unit,16,30,31,112.0,112.0,112.0,112.0,116.5,118.0,-1.0,-1.0,-1.0,-1.0,-1.0,-1.0,120.5,119.0,112.0,112.0,112.0,113.5,122.0,129.0,137.0,137.0,210.0,210.0,210.0,210.0,210.0,210.0,210.0,210.0,-1.0,-1.0,-1.0,-1.0,-1.0,165.0,118.0,-1.0,-1.0,-1.0,-1.0,-1.0,-1.0,120.5,119.0,112.0,112.0,112.0,113.5,122.0,129.0,137.0,137.0,210.0,210.0,210.0,210.0,210.0,210.0,210.0,210.0,-1.0,-1.0,-1.0,-1.0,-1.0,165.0
Cartagena 2 Bedroom Apartment with Jacuzzi,1101521186410665163,98.0,17.0,10.45647,-75.50566,Entire rental unit,10,15,31,120.5,120.5,-1.0,-1.0,-1.0,-1.0,-1.0,-1.0,-0.5,-1.0,-1.0,-1.0,-1.0,129.5,129.5,129.5,129.5,-1.0,-1.0,-1.0,-1.0,-1.0,-1.0,-1.0,-1.0,-1.0,128.0,128.0,126.5,126.5,129.5,129.5,-1.0,-1.0,105.0,105.0,-1.0,-1.0,-1.0,-0.5,-1.0,-1.0,-1.0,-1.0,129.5,129.5,129.5,129.5,-1.0,-1.0,-1.0,-1.0,-1.0,-1.0,-1.0,-1.0,-1.0,128.0,128.0,126.5,126.5,129.5,129.5,-1.0,-1.0,105.0,105.0
"Moderno,Cerca a la playa, Jacuzzi privado.",1126871837482680826,99.0,50.0,10.456388311395331,-75.50541121512651,Entire condo,15,30,31,131.0,131.0,131.0,135.0,139.0,139.0,138.0,136.5,136.5,137.0,148.5,159.0,153.5,148.5,148.5,148.5,148.5,148.5,153.5,159.0,159.0,159.0,159.0,159.0,159.0,159.0,159.0,159.0,159.0,156.0,152.5,152.5,152.5,152.5,152.5,152.5,139.0,138.0,136.5,136.5,137.0,148.5,159.0,153.5,148.5,148.5,148.5,148.5,148.5,153.5,159.0,159.0,159.0,159.0,159.0,159.0,159.0,159.0,159.0,159.0,156.0,152.5,152.5,152.5,152.5,152.5,152.5
"Impresionante vista, mar, dominique 2suites",911113843317991706,86.0,22.0,10.45687,-75.50647,Entire serviced apartment,4,17,26,-1.0,-1.0,-1.0,-1.0,-1.0,129.5,140.0,134.0,127.5,127.5,127.5,127.5,127.5,127.5,127.5,127.5,127.5,127.5,127.5,130.5,132.5,132.5,132.5,132.5,132.5,132.5,132.5,132.5,132.5,132.5,132.5,132.5,132.5,132.5,132.5,134.0,129.5,140.0,134.0,127.5,127.5,127.5,127.5,127.5,127.5,127.5,127.5,127.5,127.5,127.5,130.5,132.5,132.5,132.5,132.5,132.5,132.5,132.5,132.5,132.5,132.5,132.5,132.5,132.5,132.5,132.5,134.0
"Asombrosa Vista, mar y Jacuzzi floor 10th",878352430199000952,101.0,27.0,10.4563882,-75.5054112,Entire condo,1,17,31,-1.0,132.0,132.0,-1.0,-1.0,-1.0,-1.0,132.0,132.0,-1.0,-1.0,-1.0,-1.0,-1.0,-1.0,-1.0,-1.0,-1.0,-1.0,-1.0,153.0,153.0,153.0,153.0,153.0,-1.0,-1.0,-1.0,160.0,160.0,160.0,160.0,160.0,160.0,160.0,160.0,-1.0,-1.0,132.0,132.0,-1.0,-1.0,-1.0,-1.0,-1.0,-1.0,-1.0,-1.0,-1.0,-1.0,-1.0,153.0,153.0,153.0,153.0,153.0,-1.0,-1.0,-1.0,160.0,160.0,160.0,160.0,160.0,160.0,160.0,160.0
"Apartment in Cartagena,Private Jacuzzi & Oceanview",1216205629459955503,93.0,35.0,10.4563981,-75.50540629999999,Entire rental unit,19,30,31,-1.0,125.5,149.0,172.5,172.5,172.5,157.5,143.0,143.0,143.0,143.0,143.0,143.0,143.0,131.0,131.0,131.0,131.0,131.0,131.0,131.0,131.0,131.0,144.0,157.0,157.0,157.0,144.0,131.0,131.0,144.0,157.0,157.0,157.0,144.0,123.0,172.5,157.5,143.0,143.0,143.0,143.0,143.0,143.0,143.0,131.0,131.0,131.0,131.0,131.0,131.0,131.0,131.0,131.0,144.0,157.0,157.0,157.0,144.0,131.0,131.0,144.0,157.0,157.0,157.0,144.0,123.0
Lujoso apartamento con jacuzzi - Dominique,1152493881820384873,77.0,40.0,10.45712,-75.50599,Entire rental unit,17,25,31,100.0,100.0,100.0,100.0,105.5,111.5,-1.0,-1.0,-1.0,-1.0,-1.0,-1.0,105.5,100.0,100.0,100.0,100.0,105.5,111.5,108.5,105.5,105.5,105.5,105.5,108.5,111.5,111.5,111.5,111.5,111.5,111.5,114.5,117.5,117.5,117.5,117.5,111.5,-1.0,-1.0,-1.0,-1.0,-1.0,-1.0,105.5,100.0,100.0,100.0,100.0,105.5,111.5,108.5,105.5,105.5,105.5,105.5,108.5,111.5,111.5,111.5,111.5,111.5,111.5,114.5,117.5,117.5,117.5,117.5
Apartamento Moderno con Jacuzzi Privado D504,1317428120714655677,99.0,0.0,10.4563981,-75.50540629999999,Entire rental unit,15,30,31,60.5,70.5,80.5,80.5,80.5,-1.0,-1.0,158.5,158.5,158.5,158.5,158.5,158.5,158.5,158.5,158.5,158.5,158.5,158.5,158.5,158.5,158.5,158.5,158.5,158.5,158.5,158.5,158.5,158.5,158.5,158.5,158.5,158.5,137.0,115.5,151.0,-1.0,-1.0,158.5,158.5,158.5,158.5,158.5,158.5,158.5,158.5,158.5,158.5,158.5,158.5,158.5,158.5,158.5,158.5,158.5,158.5,158.5,158.5,158.5,158.5,158.5,158.5,158.5,158.5,137.0,115.5,151.0
"Dominque 1005, private jacuzzi",823224593312108874,81.0,36.0,10.45672,-75.50566,Entire rental unit,5,27,27,-1.0,98.0,98.0,98.0,98.0,105.0,112.0,112.0,112.0,112.0,112.0,112.0,112.0,112.0,112.0,112.0,112.0,112.0,112.5,112.5,112.0,112.0,112.0,112.5,117.0,122.0,122.5,117.5,112.5,112.0,114.0,114.0,-1.0,-1.0,-1.0,-1.0,105.0,112.0,112.0,112.0,112.0,112.0,112.0,112.0,112.0,112.0,112.0,112.0,112.0,112.5,112.5,112.0,112.0,112.0,112.5,117.0,122.0,122.5,117.5,112.5,112.0,114.0,114.0,-1.0,-1.0,-1.0,-1.0
"Luxurious Apartment, Private Jacuzzi & Sea View",802873898143599598,87.0,35.0,10.467637343962542,-75.4992805345078,Entire rental unit,9,26,26,-1.0,-1.0,-1.0,-1.0,-1.0,180.0,174.0,142.0,110.0,110.0,110.0,-1.0,-1.0,110.0,110.0,110.0,110.0,110.0,110.0,110.0,110.0,110.0,-1.0,-1.0,-1.0,-1.0,110.0,110.0,110.0,110.0,-1.0,-1.0,-1.0,-1.0,-1.0,-1.0,180.0,174.0,142.0,110.0,110.0,110.0,-1.0,-1.0,110.0,110.0,110.0,110.0,110.0,110.0,110.0,110.0,110.0,-1.0,-1.0,-1.0,-1.0,110.0,110.0,110.0,110.0,-1.0,-1.0,-1.0,-1.0,-1.0,-1.0
Luxurious Apartment - Private Jacuzzi & Top View,985588880340118836,131.0,40.0,10.45678231692273,-75.50552487373352,Entire rental unit,20,30,31,129.0,129.0,129.0,-1.0,-1.0,-1.0,-1.0,107.0,107.0,107.0,107.0,107.0,107.0,107.0,107.0,107.0,107.0,107.0,107.0,107.0,107.0,107.0,107.0,107.0,107.0,107.0,107.0,107.0,107.0,107.0,107.0,107.0,107.0,107.0,107.0,107.0,-1.0,-1.0,107.0,107.0,107.0,107.0,107.0,107.0,107.0,107.0,107.0,107.0,107.0,107.0,107.0,107.0,107.0,107.0,107.0,107.0,107.0,107.0,107.0,107.0,107.0,107.0,107.0,107.0,107.0,107.0,107.0
Luxury 1BR in Brickell | Ocean View Free Parking,846281101302571252,77.0,46.0,10.4566932,-75.50548789999999,Entire serviced apartment,19,9,29,91.0,93.0,94.5,94.5,94.5,97.5,100.5,97.5,94.5,94.5,97.5,106.0,112.0,112.0,-1.0,-1.0,-1.0,112.0,112.0,112.0,112.0,-1.0,-1.0,-1.0,-1.0,-1.0,-1.0,103.0,103.0,103.0,103.0,107.5,112.0,112.0,107.5,120.5,97.5,100.5,97.5,94.5,94.5,97.5,106.0,112.0,112.0,-1.0,-1.0,-1.0,112.0,112.0,112.0,112.0,-1.0,-1.0,-1.0,-1.0,-1.0,-1.0,103.0,103.0,103.0,103.0,107.5,112.0,112.0,107.5,120.5
Apartment in Cartagena: Relax like Home,1073830324762676707,93.6,45.0,10.4372,-75.51628,Entire rental unit,0,29,31,106.5,106.5,106.5,121.5,137.0,137.0,137.0,137.0,137.0,137.0,137.0,137.0,137.0,137.0,126.0,126.0,126.0,126.0,126.0,126.0,126.0,126.0,126.0,126.0,126.0,126.0,126.0,126.0,126.0,126.0,126.0,126.0,126.0,126.0,126.0,126.0,137.0,137.0,137.0,137.0,137.0,137.0,137.0,137.0,137.0,126.0,126.0,126.0,126.0,126.0,126.0,126.0,126.0,126.0,126.0,126.0,126.0,126.0,126.0,126.0,126.0,126.0,126.0,126.0,126.0,126.0,126.0
Stylish Apartment Steps to Beach - 1108,1291369680799235048,73.0,29.0,10.456398202475274,-75.50540618598461,Entire rental unit,20,30,31,104.0,104.0,104.0,104.0,104.0,104.5,104.5,104.0,104.0,104.0,104.0,104.0,104.0,105.0,105.0,104.0,104.0,104.0,104.0,104.0,105.0,105.0,104.0,104.0,104.0,104.5,106.0,105.0,104.0,104.0,104.0,104.0,104.0,104.5,104.5,104.0,104.5,104.5,104.0,104.0,104.0,104.0,104.0,104.0,105.0,105.0,104.0,104.0,104.0,104.0,104.0,105.0,105.0,104.0,104.0,104.0,104.5,106.0,105.0,104.0,104.0,104.0,104.0,104.0,104.5,104.5,104.0
Stylish Apartment Steps to Beach - 1208,1291386342035446932,73.0,29.0,10.4563981,-75.50540629999999,Entire rental unit,20,30,31,104.0,104.0,104.0,104.0,104.0,95.0,95.0,95.0,95.0,95.0,95.0,95.0,95.0,95.0,95.0,95.0,95.0,95.0,95.0,95.0,95.0,95.0,95.0,95.0,95.0,95.0,95.0,95.0,95.0,95.0,95.0,95.0,95.0,95.0,95.0,95.0,95.0,95.0,95.0,95.0,95.0,95.0,95.0,95.0,95.0,95.0,95.0,95.0,95.0,95.0,95.0,95.0,95.0,95.0,95.0,95.0,95.0,95.0,95.0,95.0,95.0,95.0,95.0,95.0,95.0,95.0,95.0
Stylish Apartment Steps to Beach - 1002,1291348254945757857,87.38,29.13,10.4563981,-75.50540629999999,Entire rental unit,16,30,31,132.5,132.5,132.5,132.5,132.5,121.5,121.5,121.5,121.5,121.5,121.5,121.5,121.5,121.5,121.5,121.5,121.5,121.5,121.5,121.5,121.5,121.5,121.5,121.5,121.5,121.5,121.5,121.5,121.5,121.5,121.5,121.5,121.5,121.5,121.5,121.5,121.5,121.5,121.5,121.5,121.5,121.5,121.5,121.5,121.5,121.5,121.5,121.5,121.5,121.5,121.5,121.5,121.5,121.5,121.5,121.5,121.5,121.5,121.5,121.5,121.5,121.5,121.5,121.5,121.5,121.5,121.5
New Luxury + Private Jacuzzi + Nesspresso + Views,1305119491130976920,91.0,38.0,10.4563981,-75.50540629999999,Entire condo,1,23,26,101.0,101.0,-1.0,-1.0,-1.0,-1.0,-1.0,-1.0,-1.0,-1.0,-1.0,-1.0,-0.5,-1.0,-1.0,-1.0,-1.0,-1.0,-1.0,-1.0,-1.0,-1.0,-1.0,-1.0,-1.0,-1.0,108.0,108.0,108.0,-1.0,-1.0,-1.0,124.0,124.0,124.0,124.0,-1.0,-1.0,-1.0,-1.0,-1.0,-1.0,-1.0,-0.5,-1.0,-1.0,-1.0,-1.0,-1.0,-1.0,-1.0,-1.0,-1.0,-1.0,-1.0,-1.0,-1.0,108.0,108.0,108.0,-1.0,-1.0,-1.0,124.0,124.0,124.0,124.0
Ingenian Rental Marvelous View DQ 1206,1284922899449149869,101.0,38.0,10.456323874410549,-75.50507370608214,Entire rental unit,13,30,31,96.5,96.5,148.5,201.0,201.0,201.0,-0.5,-1.0,-1.0,-1.0,-1.0,-1.0,114.5,114.5,114.5,105.5,105.5,105.5,105.5,105.5,105.5,105.5,105.5,105.5,105.5,105.5,105.5,105.5,105.5,105.5,105.5,105.5,105.5,105.5,105.5,-1.0,201.0,-0.5,-1.0,-1.0,-1.0,-1.0,-1.0,114.5,114.5,114.5,105.5,105.5,105.5,105.5,105.5,105.5,105.5,105.5,105.5,105.5,105.5,105.5,105.5,105.5,105.5,105.5,105.5,105.5,105.5,105.5,-1.0
Tropical Luxury Condo Private Jacuzzi WIFI DQ1201,852725916509464739,93.0,40.0,10.45694,-75.50424,Entire condo,12,30,31,109.0,109.0,109.0,109.0,109.0,109.0,-1.0,-1.0,-1.0,-1.0,-1.0,-1.0,-1.0,109.0,113.0,113.0,103.0,103.0,-1.0,-1.0,-1.0,-1.0,-1.0,-1.0,-1.0,-1.0,-1.0,-1.0,-1.0,-1.0,-1.0,-1.0,-1.0,-1.0,149.5,149.5,109.0,-1.0,-1.0,-1.0,-1.0,-1.0,-1.0,-1.0,109.0,113.0,113.0,103.0,103.0,-1.0,-1.0,-1.0,-1.0,-1.0,-1.0,-1.0,-1.0,-1.0,-1.0,-1.0,-1.0,-1.0,-1.0,-1.0,-1.0,149.5,149.5
Apartamento jacuzzi privado cerca a playa DQ604,1300846874190721949,98.0,41.0,10.45755,-75.50565,Entire rental unit,18,21,31,98.5,98.5,98.5,98.5,98.5,107.0,124.5,134.0,134.0,134.0,134.0,134.0,134.0,134.0,134.0,134.0,134.0,134.0,134.0,134.0,134.0,-1.0,-1.0,-1.0,-1.0,200.0,200.0,206.5,213.0,213.0,213.0,213.0,213.0,213.0,213.0,213.0,107.0,124.5,134.0,134.0,134.0,134.0,134.0,134.0,134.0,134.0,134.0,134.0,134.0,134.0,134.0,134.0,-1.0,-1.0,-1.0,-1.0,200.0,200.0,206.5,213.0,213.0,213.0,213.0,213.0,213.0,213.0,213.0
Luxury Brand New Apartment Dominique DQ605,1178368806182581245,71.0,42.0,10.4563981,-75.50540629999999,Entire serviced apartment,20,30,31,-1.0,-1.0,-1.0,-1.0,91.0,91.0,91.0,91.0,91.0,91.0,91.0,97.0,103.5,103.5,103.5,103.5,103.5,103.5,103.5,103.5,103.5,103.5,103.5,103.5,103.5,103.5,103.5,103.5,103.5,103.5,103.5,103.5,103.5,103.5,103.5,103.5,91.0,91.0,91.0,91.0,91.0,91.0,97.0,103.5,103.5,103.5,103.5,103.5,103.5,103.5,103.5,103.5,103.5,103.5,103.5,103.5,103.5,103.5,103.5,103.5,103.5,103.5,103.5,103.5,103.5,103.5,103.5
OceanView 2BD with private Jacuzzi DQ706,1354503288606231731,97.0,41.0,10.4563981,-75.50540629999999,Entire rental unit,17,21,28,103.5,103.5,103.5,111.0,111.0,-1.0,-1.0,-1.0,-1.0,-1.0,-1.0,-1.0,-1.0,122.0,122.0,122.0,122.0,122.0,128.0,134.0,134.0,128.0,122.0,122.0,122.0,151.5,181.0,181.0,181.0,197.0,213.0,213.0,213.0,213.0,213.0,213.0,-1.0,-1.0,-1.0,-1.0,-1.0,-1.0,-1.0,-1.0,122.0,122.0,122.0,122.0,122.0,128.0,134.0,134.0,128.0,122.0,122.0,122.0,151.5,181.0,181.0,181.0,197.0,213.0,213.0,213.0,213.0,213.0,213.0
Luxury Condo Balcony Private Jacuzzi DQ1202,839283791724610443,122.0,40.0,10.456450534828534,-75.50539134047547,Entire rental unit,5,30,31,90.5,90.5,94.0,98.0,98.0,98.0,98.0,98.0,98.0,98.0,98.0,98.0,98.0,98.0,98.0,98.0,98.0,98.0,98.0,98.0,98.0,98.0,98.0,98.0,98.0,98.0,98.0,98.0,98.0,98.0,98.0,98.0,98.0,98.0,98.0,110.5,98.0,98.0,98.0,98.0,98.0,98.0,98.0,98.0,98.0,98.0,98.0,98.0,98.0,98.0,98.0,98.0,98.0,98.0,98.0,98.0,98.0,98.0,98.0,98.0,98.0,98.0,98.0,98.0,98.0,98.0,110.5
Luxury New Condo with Jacuzzi DQ1104,852322227051781578,93.0,40.0,10.456355119286576,-75.50520078360624,Entire condo,20,30,31,-1.0,-1.0,-1.0,-1.0,-1.0,126.0,134.0,134.0,134.0,134.0,134.0,134.0,134.0,134.0,134.0,134.0,134.0,134.0,134.0,134.0,134.0,134.0,134.0,134.0,134.0,167.0,200.0,206.5,213.0,213.0,213.0,-1.0,-1.0,-1.0,-1.0,-1.0,126.0,134.0,134.0,134.0,134.0,134.0,134.0,134.0,134.0,134.0,134.0,134.0,134.0,134.0,134.0,134.0,134.0,134.0,134.0,134.0,167.0,200.0,206.5,213.0,213.0,213.0,-1.0,-1.0,-1.0,-1.0,-1.0
Exclusive Condo Private Jacuzzi Dominique 1408,852836475894493606,98.0,40.0,10.456397781505288,-75.50526259444275,Entire condo,10,30,28,-1.0,-1.0,86.0,97.5,109.5,111.0,101.0,89.5,89.5,89.5,101.0,112.5,112.5,112.5,112.5,112.5,112.5,112.5,112.5,112.5,112.5,112.5,112.5,112.5,112.5,112.5,112.5,112.5,105.5,98.5,98.5,98.5,98.5,98.5,98.5,98.5,111.0,101.0,89.5,89.5,89.5,101.0,112.5,112.5,112.5,112.5,112.5,112.5,112.5,112.5,112.5,112.5,112.5,112.5,112.5,112.5,112.5,112.5,112.5,105.5,98.5,98.5,98.5,98.5,98.5,98.5,98.5
Luxury apartment with jacuzzi Dominique DQ809,852998646126710254,73.0,40.0,10.456403056838012,-75.50527332327881,Entire condo,17,30,31,-1.0,88.0,95.5,102.5,109.5,111.0,112.5,112.5,112.5,112.5,112.5,112.5,112.5,112.5,112.5,112.5,112.5,112.5,112.5,112.5,112.5,112.5,112.5,112.5,112.5,112.5,112.5,112.5,105.5,98.5,98.5,98.5,98.5,98.5,98.5,98.5,111.0,112.5,112.5,112.5,112.5,112.5,112.5,112.5,112.5,112.5,112.5,112.5,112.5,112.5,112.5,112.5,112.5,112.5,112.5,112.5,112.5,112.5,112.5,105.5,98.5,98.5,98.5,98.5,98.5,98.5,98.5
Luxury Condo Near to the beach DQ510,928953902518668812,85.0,44.0,10.45636137249982,-75.50513729227049,Entire condo,14,30,31,97.0,97.0,97.0,-1.0,-1.0,-1.0,-1.0,106.0,106.0,106.0,-1.0,-1.0,-1.0,-1.0,-1.0,-1.0,-1.0,-1.0,-1.0,106.0,106.0,106.0,106.0,106.0,106.0,106.0,101.5,97.0,97.0,97.0,-1.0,-1.0,-1.0,-1.0,176.0,176.0,-1.0,-1.0,106.0,106.0,106.0,-1.0,-1.0,-1.0,-1.0,-1.0,-1.0,-1.0,-1.0,-1.0,106.0,106.0,106.0,106.0,106.0,106.0,106.0,101.5,97.0,97.0,97.0,-1.0,-1.0,-1.0,-1.0,176.0,176.0
Luxury Coastal Tranquility Dominique DQ610,853430725018525635,103.0,41.0,10.456403056838012,-75.50524650118867,Entire condo,20,30,31,-1.0,-1.0,-1.0,116.0,116.0,124.0,132.0,132.0,132.0,132.0,132.0,132.0,132.0,132.0,132.0,132.0,132.0,132.0,-1.0,-1.0,132.0,132.0,132.0,132.0,132.0,165.0,198.0,204.5,211.0,211.0,211.0,211.0,211.0,211.0,211.0,211.0,124.0,132.0,132.0,132.0,132.0,132.0,132.0,132.0,132.0,132.0,132.0,132.0,132.0,-1.0,-1.0,132.0,132.0,132.0,132.0,132.0,165.0,198.0,204.5,211.0,211.0,211.0,211.0,211.0,211.0,211.0,211.0
Luxury Condo Private Jacuzzi Dominique DQ911,865741394178687754,71.0,41.0,10.456345028173072,-75.50524492513479,Entire condo,20,30,31,-1.0,88.0,95.5,102.5,109.5,111.0,112.5,112.5,112.5,112.5,112.5,112.5,112.5,112.5,112.5,112.5,112.5,112.5,112.5,112.5,112.5,112.5,112.5,112.5,112.5,112.5,112.5,112.5,105.5,98.5,98.5,98.5,98.5,98.5,98.5,98.5,111.0,112.5,112.5,112.5,112.5,112.5,112.5,112.5,112.5,112.5,112.5,112.5,112.5,112.5,112.5,112.5,112.5,112.5,112.5,112.5,112.5,112.5,112.5,105.5,98.5,98.5,98.5,98.5,98.5,98.5,98.5
Luxury Apartment with Private Jacuzzi DQ410,1065446126459762366,85.0,41.0,10.456367098667547,-75.50556140370485,Entire rental unit,18,30,31,-1.0,-1.0,-1.0,-1.0,109.0,109.0,109.0,109.0,109.0,109.0,109.0,109.0,109.0,109.0,109.0,-1.0,-1.0,-1.0,-1.0,-1.0,97.0,97.0,97.0,97.0,97.0,97.0,-1.0,-1.0,-1.0,-1.0,-1.0,-1.0,-1.0,-1.0,149.5,149.5,109.0,109.0,109.0,109.0,109.0,109.0,109.0,109.0,109.0,109.0,-1.0,-1.0,-1.0,-1.0,-1.0,97.0,97.0,97.0,97.0,97.0,97.0,-1.0,-1.0,-1.0,-1.0,-1.0,-1.0,-1.0,-1.0,149.5,149.5
Luxury apartment Private Jacuzzi Dominique 1407,865494322261178427,76.0,41.0,10.45699,-75.50488,Entire rental unit,20,30,31,81.0,81.0,81.0,86.5,86.5,-1.0,-1.0,112.5,112.5,112.5,112.5,112.5,112.5,112.5,112.5,112.5,112.5,112.5,112.5,112.5,112.5,112.5,112.5,112.5,112.5,112.5,112.5,112.5,105.5,98.5,98.5,98.5,98.5,98.5,98.5,98.5,-1.0,-1.0,112.5,112.5,112.5,112.5,112.5,112.5,112.5,112.5,112.5,112.5,112.5,112.5,112.5,112.5,112.5,112.5,112.5,112.5,112.5,112.5,112.5,105.5,98.5,98.5,98.5,98.5,98.5,98.5,98.5
Luxurious 2 BR w stun view ideal 4 Families DQ1109,852722227526718255,110.0,41.0,10.456429433500304,-75.50525723002472,Entire condo,0,30,31,-1.0,-1.0,-1.0,-1.0,-1.0,111.0,103.0,93.0,93.0,93.0,93.0,93.0,93.0,93.0,93.0,93.0,93.0,93.0,93.0,93.0,93.0,93.0,93.0,93.0,103.0,112.5,112.5,112.5,105.5,98.5,98.5,98.5,98.5,98.5,98.5,98.5,111.0,103.0,93.0,93.0,93.0,93.0,93.0,93.0,93.0,93.0,93.0,93.0,93.0,93.0,93.0,93.0,93.0,93.0,93.0,103.0,112.5,112.5,112.5,105.5,98.5,98.5,98.5,98.5,98.5,98.5,98.5
"Luxury, Private Jacuzzi Close to the beach DQ804",852423984035352397,83.0,40.0,10.456413607503196,-75.50531623862305,Entire condo,20,27,31,99.0,99.0,103.5,108.5,109.0,109.0,109.0,109.0,109.0,109.0,109.0,109.0,109.0,109.0,113.0,113.0,103.0,97.0,97.0,97.0,97.0,97.0,97.0,97.0,97.0,97.0,-1.0,-1.0,-1.0,-1.0,-1.0,-1.0,-1.0,-1.0,149.5,149.5,109.0,109.0,109.0,109.0,109.0,109.0,109.0,109.0,109.0,113.0,113.0,103.0,97.0,97.0,97.0,97.0,97.0,97.0,97.0,97.0,97.0,-1.0,-1.0,-1.0,-1.0,-1.0,-1.0,-1.0,-1.0,149.5,149.5
Luxury & Cozy With Jacuzzi DQ1006,852707152905312617,93.0,40.0,10.45644525949661,-75.5052357723526,Entire rental unit,20,27,31,132.0,132.0,132.0,132.0,132.0,132.0,-1.0,-1.0,-1.0,-1.0,-1.0,-1.0,-1.0,-1.0,-1.0,132.0,132.0,132.0,132.0,132.0,132.0,132.0,132.0,132.0,132.0,165.0,198.0,204.5,211.0,211.0,211.0,211.0,211.0,211.0,211.0,211.0,132.0,-1.0,-1.0,-1.0,-1.0,-1.0,-1.0,-1.0,-1.0,-1.0,132.0,132.0,132.0,132.0,132.0,132.0,132.0,132.0,132.0,132.0,165.0,198.0,204.5,211.0,211.0,211.0,211.0,211.0,211.0,211.0,211.0
Tropical Luxury Condo Private Jacuzzi DQ1302,852764754959774056,93.0,42.0,10.456418882835653,-75.50526259444275,Entire condo,20,30,31,106.5,106.5,111.0,116.0,116.0,124.0,132.0,132.0,132.0,132.0,132.0,132.0,-1.0,-1.0,132.0,132.0,132.0,132.0,132.0,132.0,132.0,132.0,132.0,132.0,132.0,165.0,198.0,204.5,204.5,-1.0,-1.0,-1.0,-1.0,-1.0,-1.0,-1.0,124.0,132.0,132.0,132.0,132.0,132.0,132.0,-1.0,-1.0,132.0,132.0,132.0,132.0,132.0,132.0,132.0,132.0,132.0,132.0,132.0,165.0,198.0,204.5,204.5,-1.0,-1.0,-1.0,-1.0,-1.0,-1.0,-1.0
Luxury Apartment DQ 908 | Rooftop Pool Stunning Vw,865501138503964861,78.0,40.0,10.45611,-75.50469,Entire serviced apartment,20,30,31,83.5,83.5,85.0,86.5,86.5,86.5,86.5,86.5,86.5,86.5,86.5,92.5,98.5,98.5,98.5,98.5,98.5,98.5,98.5,98.5,98.5,98.5,98.5,98.5,98.5,98.5,98.5,98.5,98.5,98.5,98.5,98.5,98.5,98.5,98.5,98.5,86.5,86.5,86.5,86.5,86.5,86.5,92.5,98.5,98.5,98.5,98.5,98.5,98.5,98.5,98.5,98.5,98.5,98.5,98.5,98.5,98.5,98.5,98.5,98.5,98.5,98.5,98.5,98.5,98.5,98.5,98.5
Luxury Place Private Jacuzzi Dominique DQ1309,865484469517762048,71.0,40.0,10.45558,-75.50469,Entire condo,20,30,31,-1.0,-1.0,95.5,102.5,109.5,111.0,112.5,112.5,112.5,112.5,112.5,112.5,112.5,-1.0,-1.0,112.5,112.5,112.5,112.5,112.5,112.5,112.5,112.5,112.5,112.5,112.5,112.5,112.5,105.5,98.5,98.5,98.5,98.5,98.5,98.5,98.5,111.0,112.5,112.5,112.5,112.5,112.5,112.5,112.5,-1.0,-1.0,112.5,112.5,112.5,112.5,112.5,112.5,112.5,112.5,112.5,112.5,112.5,112.5,112.5,105.5,98.5,98.5,98.5,98.5,98.5,98.5,98.5
Luxury Condo Private Jacuzzi Dominique DQ805,852989152866665235,115.0,41.0,10.456387230839557,-75.50524650118867,Entire condo,9,4,8,112.5,112.5,112.5,112.5,-1.0,-1.0,-1.0,-1.0,-1.0,-1.0,-1.0,-1.0,-1.0,-1.0,-1.0,-1.0,-1.0,-0.5,-1.0,-1.0,-1.0,112.5,112.5,112.5,112.5,112.5,112.5,112.5,105.5,98.5,98.5,98.5,-1.0,-1.0,98.5,98.5,-1.0,-1.0,-1.0,-1.0,-1.0,-1.0,-1.0,-1.0,-1.0,-1.0,-1.0,-1.0,-0.5,-1.0,-1.0,-1.0,112.5,112.5,112.5,112.5,112.5,112.5,112.5,105.5,98.5,98.5,98.5,-1.0,-1.0,98.5,98.5
Luxury Condo with Private Jacuzzi DQ802,852958133808719190,105.0,40.0,10.456400798007836,-75.50524573072137,Entire condo,16,28,31,106.5,106.5,111.0,111.0,-1.0,132.0,132.0,132.0,132.0,132.0,132.0,-1.0,132.0,132.0,132.0,-1.0,-1.0,132.0,132.0,132.0,-1.0,132.0,132.0,132.0,132.0,165.0,198.0,204.5,211.0,211.0,211.0,211.0,211.0,211.0,-1.0,-1.0,132.0,132.0,132.0,132.0,132.0,132.0,-1.0,132.0,132.0,132.0,-1.0,-1.0,132.0,132.0,132.0,-1.0,132.0,132.0,132.0,132.0,165.0,198.0,204.5,211.0,211.0,211.0,211.0,211.0,211.0,-1.0,-1.0
Luxury Lovely Condo Dominique By Stay Q DQ1303,958267722202025656,77.0,44.0,10.45633380743915,-75.50510549908205,Entire condo,20,30,31,97.0,97.0,-1.0,-1.0,-1.0,-1.0,-1.0,-1.0,-1.0,106.0,106.0,106.0,106.0,106.0,106.0,106.0,106.0,106.0,106.0,106.0,106.0,106.0,106.0,106.0,106.0,106.0,106.0,-1.0,-1.0,-1.0,176.0,176.0,176.0,176.0,176.0,176.0,-1.0,-1.0,-1.0,-1.0,106.0,106.0,106.0,106.0,106.0,106.0,106.0,106.0,106.0,106.0,106.0,106.0,106.0,106.0,106.0,106.0,106.0,106.0,-1.0,-1.0,-1.0,176.0,176.0,176.0,176.0,176.0,176.0
Luxury Condo Private Jacuzzi Pools & Views DQ1402,878789244081373209,105.0,40.0,10.456416733658637,-75.50515976222948,Entire condo,10,20,31,93.5,93.5,97.5,101.5,101.5,103.5,-1.0,-0.5,-1.0,-1.0,-1.0,-1.0,-1.0,105.0,118.5,132.0,132.0,132.0,132.0,132.0,-1.0,-1.0,-1.0,-1.0,132.0,132.0,132.0,-1.0,-1.0,-1.0,-1.0,-1.0,211.0,211.0,211.0,211.0,103.5,-1.0,-0.5,-1.0,-1.0,-1.0,-1.0,-1.0,105.0,118.5,132.0,132.0,132.0,132.0,132.0,-1.0,-1.0,-1.0,-1.0,132.0,132.0,132.0,-1.0,-1.0,-1.0,-1.0,-1.0,211.0,211.0,211.0,211.0
Luxury Charming Private Jacuzzi Dominique DQ511,852846097719499069,104.0,41.0,10.456424158168025,-75.50526259444275,Entire condo,20,30,31,80.0,88.0,95.5,102.5,109.5,111.0,112.5,112.5,112.5,112.5,112.5,112.5,112.5,112.5,112.5,112.5,112.5,112.5,112.5,112.5,112.5,112.5,112.5,112.5,112.5,112.5,112.5,112.5,105.5,98.5,98.5,98.5,98.5,98.5,98.5,98.5,111.0,112.5,112.5,112.5,112.5,112.5,112.5,112.5,112.5,112.5,112.5,112.5,112.5,112.5,112.5,112.5,112.5,112.5,112.5,112.5,112.5,112.5,112.5,105.5,98.5,98.5,98.5,98.5,98.5,98.5,98.5
Apartment with private jacuzzi Dominique DQ710,852947489018010555,109.0,41.0,10.456408332170648,-75.50525723002472,Entire condo,10,19,31,106.5,106.5,106.5,-1.0,-1.0,132.0,132.0,132.0,132.0,132.0,-1.0,-1.0,132.0,132.0,132.0,132.0,132.0,-1.0,-1.0,132.0,132.0,132.0,132.0,-1.0,-1.0,-1.0,-1.0,-1.0,-1.0,-1.0,211.0,211.0,211.0,211.0,211.0,211.0,132.0,132.0,132.0,132.0,132.0,-1.0,-1.0,132.0,132.0,132.0,132.0,132.0,-1.0,-1.0,132.0,132.0,132.0,132.0,-1.0,-1.0,-1.0,-1.0,-1.0,-1.0,-1.0,211.0,211.0,211.0,211.0,211.0,211.0
Premium 3 BRs w HotTub perfor Families,865417719613815681,190.0,40.0,10.456366129507026,-75.50524113677064,Entire condo,20,30,31,-1.0,-1.0,-1.0,-1.0,-1.0,148.5,148.5,148.5,148.5,148.5,148.5,148.5,-1.0,148.5,148.5,148.5,148.5,148.5,148.5,148.5,148.5,148.5,148.5,148.5,139.0,149.0,194.0,219.0,219.0,237.0,254.5,254.5,254.5,254.5,254.5,254.5,148.5,148.5,148.5,148.5,148.5,148.5,148.5,-1.0,148.5,148.5,148.5,148.5,148.5,148.5,148.5,148.5,148.5,148.5,148.5,139.0,149.0,194.0,219.0,219.0,237.0,254.5,254.5,254.5,254.5,254.5,254.5
Fantastic Condo Private Jacuzzi Dominique DQ1307,865433093370851067,71.0,41.0,10.45637668017347,-75.50523040793458,Entire condo,17,30,31,-1.0,-1.0,-1.0,102.5,109.5,111.0,112.5,112.5,112.5,112.5,112.5,112.5,112.5,112.5,112.5,112.5,112.5,112.5,112.5,112.5,112.5,112.5,112.5,112.5,112.5,112.5,112.5,112.5,105.5,98.5,98.5,98.5,98.5,98.5,98.5,98.5,111.0,112.5,112.5,112.5,112.5,112.5,112.5,112.5,112.5,112.5,112.5,112.5,112.5,112.5,112.5,112.5,112.5,112.5,112.5,112.5,112.5,112.5,112.5,105.5,98.5,98.5,98.5,98.5,98.5,98.5,98.5
Luxury Experience Private Jacuzzi Dominique DQ909,865505131391284959,71.0,41.0,10.456334477505548,-75.50520358584443,Entire condo,20,28,31,80.0,88.0,95.5,102.5,109.5,111.0,112.5,112.5,112.5,112.5,112.5,112.5,112.5,112.5,112.5,112.5,112.5,112.5,112.5,112.5,112.5,112.5,112.5,112.5,112.5,112.5,112.5,112.5,105.5,98.5,98.5,98.5,98.5,98.5,98.5,98.5,111.0,112.5,112.5,112.5,112.5,112.5,112.5,112.5,112.5,112.5,112.5,112.5,112.5,112.5,112.5,112.5,112.5,112.5,112.5,112.5,112.5,112.5,112.5,105.5,98.5,98.5,98.5,98.5,98.5,98.5,98.5
"Luxury Condo Private jacuzzi, Chic Dominique 402",929051174009268462,116.0,40.0,10.456378324361886,-75.50522610194187,Entire rental unit,0,27,31,93.5,93.5,93.5,-1.0,-1.0,-1.0,-1.0,-1.0,105.0,105.0,105.0,118.5,132.0,132.0,132.0,132.0,132.0,132.0,132.0,132.0,132.0,132.0,132.0,132.0,132.0,165.0,198.0,204.5,211.0,211.0,211.0,211.0,211.0,211.0,211.0,-1.0,-1.0,-1.0,-1.0,105.0,105.0,105.0,118.5,132.0,132.0,132.0,132.0,132.0,132.0,132.0,132.0,132.0,132.0,132.0,132.0,132.0,165.0,198.0,204.5,211.0,211.0,211.0,211.0,211.0,211.0,211.0,-1.0
Confortable Apartment / Private Jacuzzi DQ 411,1229800644222284211,91.0,40.0,10.4568198,-75.5055963,Entire rental unit,17,30,31,80.0,88.0,95.5,95.5,-1.0,-1.0,-1.0,112.5,112.5,112.5,112.5,112.5,112.5,112.5,112.5,112.5,112.5,112.5,112.5,112.5,112.5,112.5,112.5,112.5,112.5,112.5,112.5,112.5,105.5,98.5,98.5,98.5,98.5,98.5,98.5,98.5,-1.0,-1.0,112.5,112.5,112.5,112.5,112.5,112.5,112.5,112.5,112.5,112.5,112.5,112.5,112.5,112.5,112.5,112.5,112.5,112.5,112.5,112.5,112.5,105.5,98.5,98.5,98.5,98.5,98.5,98.5,98.5
Luxury Condo & private jacuzzi Dominique DQ810,865497675793371668,93.0,41.0,10.45635557884023,-75.5052357723526,Entire condo,20,30,31,100.0,100.0,94.0,94.5,101.5,101.5,-0.5,-1.0,-1.0,-1.0,-1.0,-1.0,-1.0,-1.0,-1.0,-1.0,-1.0,-1.0,-1.0,-1.0,-1.0,-1.0,-1.0,-1.0,-1.0,-1.0,-1.0,-1.0,-1.0,-1.0,-1.0,-1.0,-1.0,-1.0,211.0,211.0,101.5,-0.5,-1.0,-1.0,-1.0,-1.0,-1.0,-1.0,-1.0,-1.0,-1.0,-1.0,-1.0,-1.0,-1.0,-1.0,-1.0,-1.0,-1.0,-1.0,-1.0,-1.0,-1.0,-1.0,-1.0,-1.0,-1.0,-1.0,-1.0,211.0,211.0
Luxury apartment private jacuzzi Dominique DQ1305,852769563272239362,76.0,40.0,10.456434708832496,-75.505305509787,Entire condo,19,30,31,112.5,112.5,112.5,112.5,112.5,112.5,-1.0,-1.0,-1.0,-1.0,-1.0,-1.0,-1.0,-1.0,-1.0,-1.0,-1.0,-1.0,-1.0,-1.0,-1.0,-1.0,-1.0,-1.0,-1.0,-1.0,112.5,112.5,105.5,98.5,98.5,98.5,98.5,98.5,98.5,98.5,112.5,-1.0,-1.0,-1.0,-1.0,-1.0,-1.0,-1.0,-1.0,-1.0,-1.0,-1.0,-1.0,-1.0,-1.0,-1.0,-1.0,-1.0,-1.0,-1.0,-1.0,112.5,112.5,105.5,98.5,98.5,98.5,98.5,98.5,98.5,98.5
DQ505 Nuevo hermoso jacuzzi priv,856430871775844191,68.0,39.0,10.45762,-75.5046,Entire rental unit,19,30,31,-1.0,79.0,79.0,79.0,79.0,84.0,-0.5,-0.5,-0.5,-0.5,-0.5,-0.5,-0.5,-0.5,-0.5,-0.5,-0.5,-0.5,-0.5,-0.5,-0.5,-0.5,-0.5,-0.5,-0.5,-0.5,-0.5,-0.5,102.5,102.5,102.5,105.0,107.5,107.5,105.0,102.5,84.0,-0.5,-0.5,-0.5,-0.5,-0.5,-0.5,-0.5,-0.5,-0.5,-0.5,-0.5,-0.5,-0.5,-0.5,-0.5,-0.5,-0.5,-0.5,-0.5,-0.5,-0.5,-0.5,102.5,102.5,102.5,105.0,107.5,107.5,105.0,102.5
DQ1411 Nvo Amazing view Relaxation,890771974735264612,88.0,39.0,10.45615,-75.50486,Entire rental unit,16,30,31,74.5,74.5,74.5,-1.0,-1.0,-1.0,-1.0,84.5,84.5,84.5,87.0,89.5,89.5,87.0,87.0,87.0,87.0,87.0,87.0,87.0,87.0,87.0,87.0,87.0,87.0,87.0,87.0,87.0,102.5,102.5,102.5,105.0,107.5,107.5,105.0,102.5,-1.0,-1.0,84.5,84.5,84.5,87.0,89.5,89.5,87.0,87.0,87.0,87.0,87.0,87.0,87.0,87.0,87.0,87.0,87.0,87.0,87.0,87.0,87.0,102.5,102.5,102.5,105.0,107.5,107.5,105.0,102.5
DQ1102 Beautiful Apt Jacuzzi-priv 10min-Centro,897405006229683800,96.0,38.0,10.45563,-75.50519,Entire rental unit,16,18,31,95.0,95.0,96.5,100.0,103.5,111.0,116.0,113.0,113.0,113.0,116.0,119.0,119.0,116.0,113.0,113.0,113.0,116.0,119.0,119.0,116.0,113.0,113.0,115.5,129.0,140.0,140.0,134.5,134.5,-1.0,-1.0,-1.0,-1.0,-1.0,-1.0,129.0,111.0,116.0,113.0,113.0,113.0,116.0,119.0,119.0,116.0,113.0,113.0,113.0,116.0,119.0,119.0,116.0,113.0,113.0,115.5,129.0,140.0,140.0,134.5,134.5,-1.0,-1.0,-1.0,-1.0,-1.0,-1.0,129.0
DQ1301 Espectacular jacuzzi único vista relax,943495681388968810,100.0,38.0,10.45648218681818,-75.5054879,Entire rental unit,16,25,28,98.0,98.0,-1.0,-1.0,-1.0,121.0,121.0,118.0,118.0,118.0,121.0,124.0,124.0,121.0,118.0,118.0,118.0,121.0,124.0,124.0,121.0,118.0,118.0,118.0,129.0,129.0,-1.0,-1.0,-1.0,-1.0,-1.0,140.0,140.0,140.0,134.5,129.0,121.0,121.0,118.0,118.0,118.0,121.0,124.0,124.0,121.0,118.0,118.0,118.0,121.0,124.0,124.0,121.0,118.0,118.0,118.0,129.0,129.0,-1.0,-1.0,-1.0,-1.0,-1.0,140.0,140.0,140.0,134.5,129.0
Luxury Cartagena dominique 1210,982475106451734664,108.0,36.0,10.4563882,-75.5054112,Entire rental unit,17,25,17,-1.0,-1.0,111.0,122.5,131.5,133.0,130.5,131.5,137.5,141.0,143.5,146.0,146.0,191.0,191.0,190.0,190.0,216.5,216.5,-1.0,-1.0,-1.0,-1.0,-1.0,-1.0,-1.0,256.0,256.0,242.0,242.0,230.0,230.0,250.5,250.5,242.5,242.5,133.0,130.5,131.5,137.5,141.0,143.5,146.0,146.0,191.0,191.0,190.0,190.0,216.5,216.5,-1.0,-1.0,-1.0,-1.0,-1.0,-1.0,-1.0,256.0,256.0,242.0,242.0,230.0,230.0,250.5,250.5,242.5,242.5
Luxury Cartagena dominique 1209,982475113924685879,96.0,36.41,10.4563882,-75.5054112,Entire rental unit,13,26,31,94.5,87.0,91.0,94.5,95.5,95.5,94.5,94.5,97.5,101.0,104.0,105.0,105.0,136.0,136.0,134.0,134.0,147.0,147.0,154.5,154.5,134.5,134.5,147.0,147.0,165.5,165.5,168.5,168.5,163.5,163.5,169.5,169.5,178.0,178.0,161.5,95.5,94.5,94.5,97.5,101.0,104.0,105.0,105.0,136.0,136.0,134.0,134.0,147.0,147.0,154.5,154.5,134.5,134.5,147.0,147.0,165.5,165.5,168.5,168.5,163.5,163.5,169.5,169.5,178.0,178.0,161.5
Luxury cartagena dominique 705,1061083288618779943,89.32,36.32,10.45642,-75.50539,Entire rental unit,14,30,31,-1.0,77.0,78.5,84.0,91.0,92.0,90.5,89.0,93.0,97.5,100.5,101.5,101.5,129.0,129.0,127.0,127.0,142.0,142.0,149.0,149.0,129.5,129.5,142.0,142.0,142.0,-1.0,-1.0,-1.0,-1.0,-1.0,-1.0,-1.0,-1.0,-1.0,-1.0,92.0,90.5,89.0,93.0,97.5,100.5,101.5,101.5,129.0,129.0,127.0,127.0,142.0,142.0,149.0,149.0,129.5,129.5,142.0,142.0,142.0,-1.0,-1.0,-1.0,-1.0,-1.0,-1.0,-1.0,-1.0,-1.0,-1.0
Luxury Cartagena Dominique 1004,1131261936147332933,116.42,36.35,10.4563882,-75.5054112,Entire rental unit,10,30,31,-1.0,92.0,100.5,112.0,120.0,121.0,119.0,120.0,125.0,125.0,-1.0,-1.0,-1.0,-1.0,171.0,171.0,183.5,183.5,210.5,210.5,-1.0,-1.0,-1.0,-1.0,-1.0,-1.0,232.0,232.0,219.5,219.5,208.5,208.5,227.0,227.0,219.5,219.5,121.0,119.0,120.0,125.0,125.0,-1.0,-1.0,-1.0,-1.0,171.0,171.0,183.5,183.5,210.5,210.5,-1.0,-1.0,-1.0,-1.0,-1.0,-1.0,232.0,232.0,219.5,219.5,208.5,208.5,227.0,227.0,219.5,219.5
luxury Cartagena Dominique 807,1061118933427624758,97.0,36.0,10.4563882,-75.5054112,Entire rental unit,14,30,31,75.0,78.0,85.0,95.0,103.5,104.0,102.5,101.0,105.5,111.0,111.0,-1.0,-1.0,-1.0,-1.0,-1.0,145.5,145.5,166.5,166.5,152.0,152.0,146.0,146.0,166.5,166.5,178.0,178.0,175.0,175.0,172.0,172.0,186.0,186.0,178.5,178.5,104.0,102.5,101.0,105.5,111.0,111.0,-1.0,-1.0,-1.0,-1.0,-1.0,145.5,145.5,166.5,166.5,152.0,152.0,146.0,146.0,166.5,166.5,178.0,178.0,175.0,175.0,172.0,172.0,186.0,186.0,178.5,178.5
Ocean Breeze Luxury » 2BRs Cartagena | Stun Views,1374717540319611164,74.0,37.0,10.456817818304057,-75.50556723254088,Entire rental unit,9,27,31,84.0,84.0,-1.0,-1.0,-1.0,97.0,97.0,87.0,77.0,77.0,-1.0,-1.0,92.0,92.0,92.0,92.0,92.0,92.0,92.0,92.0,92.0,92.0,-1.0,-1.0,-1.0,91.0,91.0,105.0,105.0,105.0,105.0,105.0,105.0,105.0,105.0,105.0,97.0,97.0,87.0,77.0,77.0,-1.0,-1.0,92.0,92.0,92.0,92.0,92.0,92.0,92.0,92.0,92.0,92.0,-1.0,-1.0,-1.0,91.0,91.0,105.0,105.0,105.0,105.0,105.0,105.0,105.0,105.0,105.0
